-- phpMyAdmin SQL Dump
-- version 5.2.1
-- https://www.phpmyadmin.net/
--
-- Host: 127.0.0.1
-- Generation Time: Jun 05, 2024 at 12:46 PM
-- Server version: 10.4.32-MariaDB
-- PHP Version: 8.2.12

SET SQL_MODE = "NO_AUTO_VALUE_ON_ZERO";
START TRANSACTION;
SET time_zone = "+00:00";


/*!40101 SET @OLD_CHARACTER_SET_CLIENT=@@CHARACTER_SET_CLIENT */;
/*!40101 SET @OLD_CHARACTER_SET_RESULTS=@@CHARACTER_SET_RESULTS */;
/*!40101 SET @OLD_COLLATION_CONNECTION=@@COLLATION_CONNECTION */;
/*!40101 SET NAMES utf8mb4 */;

--
-- Database: `inter-connect`
--

-- --------------------------------------------------------

--
-- Table structure for table `customers`
--

CREATE TABLE `customers` (
  `id` bigint(20) UNSIGNED NOT NULL,
  `name` varchar(255) NOT NULL,
  `email` varchar(255) DEFAULT NULL,
  `phone` varchar(255) DEFAULT NULL,
  `phone2` varchar(255) DEFAULT NULL,
  `gender` varchar(255) DEFAULT NULL,
  `address` varchar(255) DEFAULT NULL,
  `nin` varchar(255) DEFAULT NULL,
  `created_at` timestamp NULL DEFAULT NULL,
  `updated_at` timestamp NULL DEFAULT NULL
) ENGINE=InnoDB DEFAULT CHARSET=utf8mb4 COLLATE=utf8mb4_unicode_ci;

--
-- Dumping data for table `customers`
--

INSERT INTO `customers` (`id`, `name`, `email`, `phone`, `phone2`, `gender`, `address`, `nin`, `created_at`, `updated_at`) VALUES
(1, 'Jordan Ahairwe', 'jordankatetegirwe@gmail.com', '0750084012', NULL, NULL, NULL, NULL, '2024-06-04 09:55:37', '2024-06-04 09:55:37'),
(2, 'Ginger Cline', 'hosi@mailinator.com', '+1 (177) 632-4358', NULL, NULL, NULL, NULL, '2024-06-04 10:09:55', '2024-06-04 10:09:55');

-- --------------------------------------------------------

--
-- Table structure for table `customer_orders`
--

CREATE TABLE `customer_orders` (
  `id` bigint(20) UNSIGNED NOT NULL,
  `customer_id` bigint(20) UNSIGNED DEFAULT NULL,
  `table_number` varchar(255) DEFAULT NULL,
  `order_date` timestamp NOT NULL DEFAULT current_timestamp(),
  `status` varchar(255) NOT NULL DEFAULT 'pending',
  `payment_method` varchar(255) DEFAULT NULL,
  `total_amount` decimal(10,2) NOT NULL DEFAULT 0.00,
  `discount` decimal(10,2) DEFAULT NULL,
  `tax` decimal(10,2) DEFAULT NULL,
  `tip` decimal(10,2) DEFAULT NULL,
  `payment_status` varchar(255) NOT NULL DEFAULT 'unpaid',
  `server_id` bigint(20) UNSIGNED DEFAULT NULL,
  `created_at` timestamp NULL DEFAULT NULL,
  `updated_at` timestamp NULL DEFAULT NULL,
  `deleted_at` timestamp NULL DEFAULT NULL
) ENGINE=InnoDB DEFAULT CHARSET=utf8mb4 COLLATE=utf8mb4_unicode_ci;

--
-- Dumping data for table `customer_orders`
--

INSERT INTO `customer_orders` (`id`, `customer_id`, `table_number`, `order_date`, `status`, `payment_method`, `total_amount`, `discount`, `tax`, `tip`, `payment_status`, `server_id`, `created_at`, `updated_at`, `deleted_at`) VALUES
(1, 1, 'T1', '2024-06-04 09:55:37', 'pending', NULL, 10000.00, NULL, NULL, 0.00, 'unpaid', 1, '2024-06-04 09:55:37', '2024-06-04 09:57:20', NULL),
(2, 2, '824', '2024-06-04 10:09:55', 'pending', NULL, 10000.00, NULL, NULL, 0.00, 'unpaid', 1, '2024-06-04 10:09:55', '2024-06-04 10:09:55', NULL);

-- --------------------------------------------------------

--
-- Table structure for table `customer_order_items`
--

CREATE TABLE `customer_order_items` (
  `id` bigint(20) UNSIGNED NOT NULL,
  `customer_order_id` bigint(20) UNSIGNED NOT NULL,
  `product_id` bigint(20) UNSIGNED NOT NULL,
  `quantity` int(11) NOT NULL,
  `item_price` decimal(10,2) NOT NULL,
  `special_requests` text DEFAULT NULL,
  `preparation_status` varchar(255) NOT NULL DEFAULT 'pending',
  `created_at` timestamp NULL DEFAULT NULL,
  `updated_at` timestamp NULL DEFAULT NULL,
  `deleted_at` timestamp NULL DEFAULT NULL
) ENGINE=InnoDB DEFAULT CHARSET=utf8mb4 COLLATE=utf8mb4_unicode_ci;

--
-- Dumping data for table `customer_order_items`
--

INSERT INTO `customer_order_items` (`id`, `customer_order_id`, `product_id`, `quantity`, `item_price`, `special_requests`, `preparation_status`, `created_at`, `updated_at`, `deleted_at`) VALUES
(1, 1, 3, 1, 10000.00, 'no sugar', 'served', '2024-06-04 09:55:37', '2024-06-04 09:56:40', '2024-06-04 09:56:40'),
(2, 1, 13, 2, 0.00, NULL, 'served', '2024-06-04 09:57:20', '2024-06-04 10:00:05', '2024-06-04 10:00:05'),
(3, 2, 3, 1, 10000.00, '', 'pending', '2024-06-04 10:09:55', '2024-06-04 10:09:55', NULL),
(4, 2, 7, 1, 0.00, '', 'pending', '2024-06-04 10:09:55', '2024-06-04 10:09:55', NULL);

-- --------------------------------------------------------

--
-- Table structure for table `customer_order_payments`
--

CREATE TABLE `customer_order_payments` (
  `id` bigint(20) UNSIGNED NOT NULL,
  `customer_order_id` bigint(20) UNSIGNED NOT NULL,
  `payment_id` bigint(20) UNSIGNED NOT NULL,
  `staff_id` bigint(20) UNSIGNED NOT NULL,
  `transaction_date` date NOT NULL,
  `created_at` timestamp NULL DEFAULT NULL,
  `updated_at` timestamp NULL DEFAULT NULL,
  `deleted_at` timestamp NULL DEFAULT NULL
) ENGINE=InnoDB DEFAULT CHARSET=utf8mb4 COLLATE=utf8mb4_unicode_ci;

--
-- Dumping data for table `customer_order_payments`
--

INSERT INTO `customer_order_payments` (`id`, `customer_order_id`, `payment_id`, `staff_id`, `transaction_date`, `created_at`, `updated_at`, `deleted_at`) VALUES
(1, 1, 1, 1, '2024-06-04', '2024-06-04 09:59:41', '2024-06-04 09:59:41', NULL);

-- --------------------------------------------------------

--
-- Table structure for table `datafeeds`
--

CREATE TABLE `datafeeds` (
  `id` bigint(20) UNSIGNED NOT NULL,
  `label` varchar(255) DEFAULT NULL,
  `data` double(10,2) DEFAULT NULL,
  `dataset_name` tinyint(4) DEFAULT NULL,
  `data_type` tinyint(4) NOT NULL DEFAULT 1,
  `created_at` timestamp NULL DEFAULT NULL,
  `updated_at` timestamp NULL DEFAULT NULL
) ENGINE=InnoDB DEFAULT CHARSET=utf8mb4 COLLATE=utf8mb4_unicode_ci;

--
-- Dumping data for table `datafeeds`
--

INSERT INTO `datafeeds` (`id`, `label`, `data`, `dataset_name`, `data_type`, `created_at`, `updated_at`) VALUES
(1, '12-01-2020', 732.00, 1, 1, '2024-06-04 09:25:38', '2024-06-04 09:25:38'),
(2, '01-01-2021', 610.00, 1, 1, '2024-06-04 09:25:38', '2024-06-04 09:25:38'),
(3, '02-01-2021', 610.00, 1, 1, '2024-06-04 09:25:38', '2024-06-04 09:25:38'),
(4, '03-01-2021', 504.00, 1, 1, '2024-06-04 09:25:38', '2024-06-04 09:25:38'),
(5, '04-01-2021', 504.00, 1, 1, '2024-06-04 09:25:38', '2024-06-04 09:25:38'),
(6, '05-01-2021', 504.00, 1, 1, '2024-06-04 09:25:38', '2024-06-04 09:25:38'),
(7, '06-01-2021', 349.00, 1, 1, '2024-06-04 09:25:38', '2024-06-04 09:25:38'),
(8, '07-01-2021', 349.00, 1, 1, '2024-06-04 09:25:38', '2024-06-04 09:25:38'),
(9, '08-01-2021', 504.00, 1, 1, '2024-06-04 09:25:38', '2024-06-04 09:25:38'),
(10, '09-01-2021', 342.00, 1, 1, '2024-06-04 09:25:38', '2024-06-04 09:25:38'),
(11, '10-01-2021', 504.00, 1, 1, '2024-06-04 09:25:38', '2024-06-04 09:25:38'),
(12, '11-01-2021', 610.00, 1, 1, '2024-06-04 09:25:38', '2024-06-04 09:25:38'),
(13, '12-01-2021', 391.00, 1, 1, '2024-06-04 09:25:38', '2024-06-04 09:25:38'),
(14, '01-01-2022', 192.00, 1, 1, '2024-06-04 09:25:38', '2024-06-04 09:25:38'),
(15, '02-01-2022', 154.00, 1, 1, '2024-06-04 09:25:38', '2024-06-04 09:25:38'),
(16, '03-01-2022', 273.00, 1, 1, '2024-06-04 09:25:38', '2024-06-04 09:25:38'),
(17, '04-01-2022', 191.00, 1, 1, '2024-06-04 09:25:38', '2024-06-04 09:25:38'),
(18, '05-01-2022', 191.00, 1, 1, '2024-06-04 09:25:38', '2024-06-04 09:25:38'),
(19, '06-01-2022', 126.00, 1, 1, '2024-06-04 09:25:38', '2024-06-04 09:25:38'),
(20, '07-01-2022', 263.00, 1, 1, '2024-06-04 09:25:38', '2024-06-04 09:25:38'),
(21, '08-01-2022', 349.00, 1, 1, '2024-06-04 09:25:38', '2024-06-04 09:25:38'),
(22, '09-01-2022', 252.00, 1, 1, '2024-06-04 09:25:38', '2024-06-04 09:25:38'),
(23, '10-01-2022', 423.00, 1, 1, '2024-06-04 09:25:38', '2024-06-04 09:25:38'),
(24, '11-01-2022', 622.00, 1, 1, '2024-06-04 09:25:38', '2024-06-04 09:25:38'),
(25, '12-01-2022', 470.00, 1, 1, '2024-06-04 09:25:38', '2024-06-04 09:25:38'),
(26, '01-01-2023', 532.00, 1, 1, '2024-06-04 09:25:38', '2024-06-04 09:25:38'),
(27, NULL, 532.00, 2, 1, '2024-06-04 09:25:38', '2024-06-04 09:25:38'),
(28, NULL, 532.00, 2, 1, '2024-06-04 09:25:38', '2024-06-04 09:25:38'),
(29, NULL, 532.00, 2, 1, '2024-06-04 09:25:38', '2024-06-04 09:25:38'),
(30, NULL, 404.00, 2, 1, '2024-06-04 09:25:38', '2024-06-04 09:25:38'),
(31, NULL, 404.00, 2, 1, '2024-06-04 09:25:38', '2024-06-04 09:25:38'),
(32, NULL, 314.00, 2, 1, '2024-06-04 09:25:38', '2024-06-04 09:25:38'),
(33, NULL, 314.00, 2, 1, '2024-06-04 09:25:38', '2024-06-04 09:25:38'),
(34, NULL, 314.00, 2, 1, '2024-06-04 09:25:38', '2024-06-04 09:25:38'),
(35, NULL, 314.00, 2, 1, '2024-06-04 09:25:39', '2024-06-04 09:25:39'),
(36, NULL, 314.00, 2, 1, '2024-06-04 09:25:39', '2024-06-04 09:25:39'),
(37, NULL, 234.00, 2, 1, '2024-06-04 09:25:39', '2024-06-04 09:25:39'),
(38, NULL, 314.00, 2, 1, '2024-06-04 09:25:39', '2024-06-04 09:25:39'),
(39, NULL, 234.00, 2, 1, '2024-06-04 09:25:39', '2024-06-04 09:25:39'),
(40, NULL, 234.00, 2, 1, '2024-06-04 09:25:39', '2024-06-04 09:25:39'),
(41, NULL, 314.00, 2, 1, '2024-06-04 09:25:39', '2024-06-04 09:25:39'),
(42, NULL, 314.00, 2, 1, '2024-06-04 09:25:39', '2024-06-04 09:25:39'),
(43, NULL, 314.00, 2, 1, '2024-06-04 09:25:39', '2024-06-04 09:25:39'),
(44, NULL, 388.00, 2, 1, '2024-06-04 09:25:39', '2024-06-04 09:25:39'),
(45, NULL, 314.00, 2, 1, '2024-06-04 09:25:39', '2024-06-04 09:25:39'),
(46, NULL, 202.00, 2, 1, '2024-06-04 09:25:39', '2024-06-04 09:25:39'),
(47, NULL, 202.00, 2, 1, '2024-06-04 09:25:39', '2024-06-04 09:25:39'),
(48, NULL, 202.00, 2, 1, '2024-06-04 09:25:39', '2024-06-04 09:25:39'),
(49, NULL, 202.00, 2, 1, '2024-06-04 09:25:39', '2024-06-04 09:25:39'),
(50, NULL, 314.00, 2, 1, '2024-06-04 09:25:39', '2024-06-04 09:25:39'),
(51, NULL, 720.00, 2, 1, '2024-06-04 09:25:39', '2024-06-04 09:25:39'),
(52, NULL, 642.00, 2, 1, '2024-06-04 09:25:39', '2024-06-04 09:25:39'),
(53, '12-01-2020', 622.00, 1, 2, '2024-06-04 09:25:39', '2024-06-04 09:25:39'),
(54, '01-01-2021', 622.00, 1, 2, '2024-06-04 09:25:40', '2024-06-04 09:25:40'),
(55, '02-01-2021', 426.00, 1, 2, '2024-06-04 09:25:40', '2024-06-04 09:25:40'),
(56, '03-01-2021', 471.00, 1, 2, '2024-06-04 09:25:40', '2024-06-04 09:25:40'),
(57, '04-01-2021', 365.00, 1, 2, '2024-06-04 09:25:40', '2024-06-04 09:25:40'),
(58, '05-01-2021', 365.00, 1, 2, '2024-06-04 09:25:40', '2024-06-04 09:25:40'),
(59, '06-01-2021', 238.00, 1, 2, '2024-06-04 09:25:40', '2024-06-04 09:25:40'),
(60, '07-01-2021', 324.00, 1, 2, '2024-06-04 09:25:40', '2024-06-04 09:25:40'),
(61, '08-01-2021', 288.00, 1, 2, '2024-06-04 09:25:40', '2024-06-04 09:25:40'),
(62, '09-01-2021', 206.00, 1, 2, '2024-06-04 09:25:40', '2024-06-04 09:25:40'),
(63, '10-01-2021', 324.00, 1, 2, '2024-06-04 09:25:40', '2024-06-04 09:25:40'),
(64, '11-01-2021', 324.00, 1, 2, '2024-06-04 09:25:40', '2024-06-04 09:25:40'),
(65, '12-01-2021', 500.00, 1, 2, '2024-06-04 09:25:40', '2024-06-04 09:25:40'),
(66, '01-01-2022', 409.00, 1, 2, '2024-06-04 09:25:40', '2024-06-04 09:25:40'),
(67, '02-01-2022', 409.00, 1, 2, '2024-06-04 09:25:40', '2024-06-04 09:25:40'),
(68, '03-01-2022', 273.00, 1, 2, '2024-06-04 09:25:40', '2024-06-04 09:25:40'),
(69, '04-01-2022', 232.00, 1, 2, '2024-06-04 09:25:40', '2024-06-04 09:25:40'),
(70, '05-01-2022', 273.00, 1, 2, '2024-06-04 09:25:40', '2024-06-04 09:25:40'),
(71, '06-01-2022', 500.00, 1, 2, '2024-06-04 09:25:40', '2024-06-04 09:25:40'),
(72, '07-01-2022', 570.00, 1, 2, '2024-06-04 09:25:40', '2024-06-04 09:25:40'),
(73, '08-01-2022', 767.00, 1, 2, '2024-06-04 09:25:40', '2024-06-04 09:25:40'),
(74, '09-01-2022', 808.00, 1, 2, '2024-06-04 09:25:40', '2024-06-04 09:25:40'),
(75, '10-01-2022', 685.00, 1, 2, '2024-06-04 09:25:40', '2024-06-04 09:25:40'),
(76, '11-01-2022', 767.00, 1, 2, '2024-06-04 09:25:40', '2024-06-04 09:25:40'),
(77, '12-01-2022', 685.00, 1, 2, '2024-06-04 09:25:40', '2024-06-04 09:25:40'),
(78, '01-01-2023', 685.00, 1, 2, '2024-06-04 09:25:40', '2024-06-04 09:25:40'),
(79, NULL, 732.00, 2, 2, '2024-06-04 09:25:40', '2024-06-04 09:25:40'),
(80, NULL, 610.00, 2, 2, '2024-06-04 09:25:40', '2024-06-04 09:25:40'),
(81, NULL, 610.00, 2, 2, '2024-06-04 09:25:40', '2024-06-04 09:25:40'),
(82, NULL, 504.00, 2, 2, '2024-06-04 09:25:40', '2024-06-04 09:25:40'),
(83, NULL, 504.00, 2, 2, '2024-06-04 09:25:40', '2024-06-04 09:25:40'),
(84, NULL, 504.00, 2, 2, '2024-06-04 09:25:40', '2024-06-04 09:25:40'),
(85, NULL, 349.00, 2, 2, '2024-06-04 09:25:40', '2024-06-04 09:25:40'),
(86, NULL, 349.00, 2, 2, '2024-06-04 09:25:40', '2024-06-04 09:25:40'),
(87, NULL, 504.00, 2, 2, '2024-06-04 09:25:40', '2024-06-04 09:25:40'),
(88, NULL, 342.00, 2, 2, '2024-06-04 09:25:40', '2024-06-04 09:25:40'),
(89, NULL, 504.00, 2, 2, '2024-06-04 09:25:40', '2024-06-04 09:25:40'),
(90, NULL, 610.00, 2, 2, '2024-06-04 09:25:40', '2024-06-04 09:25:40'),
(91, NULL, 391.00, 2, 2, '2024-06-04 09:25:40', '2024-06-04 09:25:40'),
(92, NULL, 192.00, 2, 2, '2024-06-04 09:25:40', '2024-06-04 09:25:40'),
(93, NULL, 154.00, 2, 2, '2024-06-04 09:25:40', '2024-06-04 09:25:40'),
(94, NULL, 273.00, 2, 2, '2024-06-04 09:25:40', '2024-06-04 09:25:40'),
(95, NULL, 191.00, 2, 2, '2024-06-04 09:25:40', '2024-06-04 09:25:40'),
(96, NULL, 191.00, 2, 2, '2024-06-04 09:25:41', '2024-06-04 09:25:41'),
(97, NULL, 126.00, 2, 2, '2024-06-04 09:25:41', '2024-06-04 09:25:41'),
(98, NULL, 263.00, 2, 2, '2024-06-04 09:25:41', '2024-06-04 09:25:41'),
(99, NULL, 349.00, 2, 2, '2024-06-04 09:25:41', '2024-06-04 09:25:41'),
(100, NULL, 252.00, 2, 2, '2024-06-04 09:25:41', '2024-06-04 09:25:41'),
(101, NULL, 423.00, 2, 2, '2024-06-04 09:25:41', '2024-06-04 09:25:41'),
(102, NULL, 622.00, 2, 2, '2024-06-04 09:25:41', '2024-06-04 09:25:41'),
(103, NULL, 470.00, 2, 2, '2024-06-04 09:25:41', '2024-06-04 09:25:41'),
(104, NULL, 532.00, 2, 2, '2024-06-04 09:25:41', '2024-06-04 09:25:41'),
(105, '12-01-2020', 540.00, 1, 3, '2024-06-04 09:25:41', '2024-06-04 09:25:41'),
(106, '01-01-2021', 466.00, 1, 3, '2024-06-04 09:25:41', '2024-06-04 09:25:41'),
(107, '02-01-2021', 540.00, 1, 3, '2024-06-04 09:25:41', '2024-06-04 09:25:41'),
(108, '03-01-2021', 466.00, 1, 3, '2024-06-04 09:25:41', '2024-06-04 09:25:41'),
(109, '04-01-2021', 385.00, 1, 3, '2024-06-04 09:25:41', '2024-06-04 09:25:41'),
(110, '05-01-2021', 432.00, 1, 3, '2024-06-04 09:25:41', '2024-06-04 09:25:41'),
(111, '06-01-2021', 334.00, 1, 3, '2024-06-04 09:25:41', '2024-06-04 09:25:41'),
(112, '07-01-2021', 334.00, 1, 3, '2024-06-04 09:25:41', '2024-06-04 09:25:41'),
(113, '08-01-2021', 289.00, 1, 3, '2024-06-04 09:25:41', '2024-06-04 09:25:41'),
(114, '09-01-2021', 289.00, 1, 3, '2024-06-04 09:25:41', '2024-06-04 09:25:41'),
(115, '10-01-2021', 200.00, 1, 3, '2024-06-04 09:25:41', '2024-06-04 09:25:41'),
(116, '11-01-2021', 289.00, 1, 3, '2024-06-04 09:25:41', '2024-06-04 09:25:41'),
(117, '12-01-2021', 222.00, 1, 3, '2024-06-04 09:25:41', '2024-06-04 09:25:41'),
(118, '01-01-2022', 289.00, 1, 3, '2024-06-04 09:25:41', '2024-06-04 09:25:41'),
(119, '02-01-2022', 289.00, 1, 3, '2024-06-04 09:25:41', '2024-06-04 09:25:41'),
(120, '03-01-2022', 403.00, 1, 3, '2024-06-04 09:25:41', '2024-06-04 09:25:41'),
(121, '04-01-2022', 554.00, 1, 3, '2024-06-04 09:25:41', '2024-06-04 09:25:41'),
(122, '05-01-2022', 304.00, 1, 3, '2024-06-04 09:25:41', '2024-06-04 09:25:41'),
(123, '06-01-2022', 289.00, 1, 3, '2024-06-04 09:25:41', '2024-06-04 09:25:41'),
(124, '07-01-2022', 270.00, 1, 3, '2024-06-04 09:25:41', '2024-06-04 09:25:41'),
(125, '08-01-2022', 134.00, 1, 3, '2024-06-04 09:25:41', '2024-06-04 09:25:41'),
(126, '09-01-2022', 270.00, 1, 3, '2024-06-04 09:25:41', '2024-06-04 09:25:41'),
(127, '10-01-2022', 829.00, 1, 3, '2024-06-04 09:25:41', '2024-06-04 09:25:41'),
(128, '11-01-2022', 344.00, 1, 3, '2024-06-04 09:25:41', '2024-06-04 09:25:41'),
(129, '12-01-2022', 388.00, 1, 3, '2024-06-04 09:25:41', '2024-06-04 09:25:41'),
(130, '01-01-2023', 364.00, 1, 3, '2024-06-04 09:25:41', '2024-06-04 09:25:41'),
(131, NULL, 689.00, 2, 3, '2024-06-04 09:25:41', '2024-06-04 09:25:41'),
(132, NULL, 562.00, 2, 3, '2024-06-04 09:25:41', '2024-06-04 09:25:41'),
(133, NULL, 477.00, 2, 3, '2024-06-04 09:25:41', '2024-06-04 09:25:41'),
(134, NULL, 477.00, 2, 3, '2024-06-04 09:25:41', '2024-06-04 09:25:41'),
(135, NULL, 477.00, 2, 3, '2024-06-04 09:25:41', '2024-06-04 09:25:41'),
(136, NULL, 477.00, 2, 3, '2024-06-04 09:25:41', '2024-06-04 09:25:41'),
(137, NULL, 458.00, 2, 3, '2024-06-04 09:25:41', '2024-06-04 09:25:41'),
(138, NULL, 314.00, 2, 3, '2024-06-04 09:25:41', '2024-06-04 09:25:41'),
(139, NULL, 430.00, 2, 3, '2024-06-04 09:25:41', '2024-06-04 09:25:41'),
(140, NULL, 378.00, 2, 3, '2024-06-04 09:25:41', '2024-06-04 09:25:41'),
(141, NULL, 430.00, 2, 3, '2024-06-04 09:25:41', '2024-06-04 09:25:41'),
(142, NULL, 498.00, 2, 3, '2024-06-04 09:25:41', '2024-06-04 09:25:41'),
(143, NULL, 642.00, 2, 3, '2024-06-04 09:25:41', '2024-06-04 09:25:41'),
(144, NULL, 350.00, 2, 3, '2024-06-04 09:25:41', '2024-06-04 09:25:41'),
(145, NULL, 145.00, 2, 3, '2024-06-04 09:25:42', '2024-06-04 09:25:42'),
(146, NULL, 145.00, 2, 3, '2024-06-04 09:25:42', '2024-06-04 09:25:42'),
(147, NULL, 354.00, 2, 3, '2024-06-04 09:25:42', '2024-06-04 09:25:42'),
(148, NULL, 260.00, 2, 3, '2024-06-04 09:25:42', '2024-06-04 09:25:42'),
(149, NULL, 188.00, 2, 3, '2024-06-04 09:25:42', '2024-06-04 09:25:42'),
(150, NULL, 188.00, 2, 3, '2024-06-04 09:25:42', '2024-06-04 09:25:42'),
(151, NULL, 300.00, 2, 3, '2024-06-04 09:25:42', '2024-06-04 09:25:42'),
(152, NULL, 300.00, 2, 3, '2024-06-04 09:25:42', '2024-06-04 09:25:42'),
(153, NULL, 282.00, 2, 3, '2024-06-04 09:25:42', '2024-06-04 09:25:42'),
(154, NULL, 364.00, 2, 3, '2024-06-04 09:25:42', '2024-06-04 09:25:42'),
(155, NULL, 660.00, 2, 3, '2024-06-04 09:25:42', '2024-06-04 09:25:42'),
(156, NULL, 554.00, 2, 3, '2024-06-04 09:25:42', '2024-06-04 09:25:42'),
(157, '12-01-2020', 800.00, 1, 4, '2024-06-04 09:25:42', '2024-06-04 09:25:42'),
(158, '01-01-2021', 1600.00, 1, 4, '2024-06-04 09:25:42', '2024-06-04 09:25:42'),
(159, '02-01-2021', 900.00, 1, 4, '2024-06-04 09:25:42', '2024-06-04 09:25:42'),
(160, '03-01-2021', 1300.00, 1, 4, '2024-06-04 09:25:42', '2024-06-04 09:25:42'),
(161, '04-01-2021', 1950.00, 1, 4, '2024-06-04 09:25:42', '2024-06-04 09:25:42'),
(162, '05-01-2021', 1700.00, 1, 4, '2024-06-04 09:25:42', '2024-06-04 09:25:42'),
(163, NULL, 4900.00, 2, 4, '2024-06-04 09:25:42', '2024-06-04 09:25:42'),
(164, NULL, 2600.00, 2, 4, '2024-06-04 09:25:42', '2024-06-04 09:25:42'),
(165, NULL, 5350.00, 2, 4, '2024-06-04 09:25:42', '2024-06-04 09:25:42'),
(166, NULL, 4800.00, 2, 4, '2024-06-04 09:25:42', '2024-06-04 09:25:42'),
(167, NULL, 5200.00, 2, 4, '2024-06-04 09:25:42', '2024-06-04 09:25:42'),
(168, NULL, 4800.00, 2, 4, '2024-06-04 09:25:42', '2024-06-04 09:25:42'),
(169, '2022-05-18 11:30:00', 57.81, 1, 5, '2024-06-04 09:25:42', '2024-06-04 09:25:42'),
(170, '2022-05-18 12:00:00', 57.75, 1, 5, '2024-06-04 09:25:42', '2024-06-04 09:25:42'),
(171, '2022-05-18 12:30:00', 55.48, 1, 5, '2024-06-04 09:25:42', '2024-06-04 09:25:42'),
(172, '2022-05-18 13:00:00', 54.28, 1, 5, '2024-06-04 09:25:42', '2024-06-04 09:25:42'),
(173, '2022-05-18 13:30:00', 53.14, 1, 5, '2024-06-04 09:25:42', '2024-06-04 09:25:42'),
(174, '2022-05-18 14:00:00', 52.25, 1, 5, '2024-06-04 09:25:42', '2024-06-04 09:25:42'),
(175, '2022-05-18 14:30:00', 51.04, 1, 5, '2024-06-04 09:25:42', '2024-06-04 09:25:42'),
(176, '2022-05-18 15:00:00', 52.49, 1, 5, '2024-06-04 09:25:42', '2024-06-04 09:25:42'),
(177, '2022-05-18 15:30:00', 55.49, 1, 5, '2024-06-04 09:25:42', '2024-06-04 09:25:42'),
(178, '2022-05-18 16:00:00', 56.87, 1, 5, '2024-06-04 09:25:42', '2024-06-04 09:25:42'),
(179, '2022-05-18 16:30:00', 53.73, 1, 5, '2024-06-04 09:25:43', '2024-06-04 09:25:43'),
(180, '2022-05-18 17:00:00', 56.42, 1, 5, '2024-06-04 09:25:43', '2024-06-04 09:25:43'),
(181, '2022-05-18 17:30:00', 58.06, 1, 5, '2024-06-04 09:25:43', '2024-06-04 09:25:43'),
(182, '2022-05-18 18:00:00', 55.62, 1, 5, '2024-06-04 09:25:43', '2024-06-04 09:25:43'),
(183, '2022-05-18 18:30:00', 58.16, 1, 5, '2024-06-04 09:25:43', '2024-06-04 09:25:43'),
(184, '2022-05-18 19:00:00', 55.22, 1, 5, '2024-06-04 09:25:43', '2024-06-04 09:25:43'),
(185, '2022-05-18 19:30:00', 58.67, 1, 5, '2024-06-04 09:25:43', '2024-06-04 09:25:43'),
(186, '2022-05-18 20:00:00', 60.18, 1, 5, '2024-06-04 09:25:43', '2024-06-04 09:25:43'),
(187, '2022-05-18 20:30:00', 61.31, 1, 5, '2024-06-04 09:25:43', '2024-06-04 09:25:43'),
(188, '2022-05-18 21:00:00', 63.25, 1, 5, '2024-06-04 09:25:43', '2024-06-04 09:25:43'),
(189, '2022-05-18 21:30:00', 65.91, 1, 5, '2024-06-04 09:25:43', '2024-06-04 09:25:43'),
(190, '2022-05-18 22:00:00', 64.44, 1, 5, '2024-06-04 09:25:43', '2024-06-04 09:25:43'),
(191, '2022-05-18 22:30:00', 65.97, 1, 5, '2024-06-04 09:25:43', '2024-06-04 09:25:43'),
(192, '2022-05-18 23:00:00', 62.27, 1, 5, '2024-06-04 09:25:43', '2024-06-04 09:25:43'),
(193, '2022-05-18 23:30:00', 60.96, 1, 5, '2024-06-04 09:25:43', '2024-06-04 09:25:43'),
(194, '2022-05-19 00:00:00', 59.34, 1, 5, '2024-06-04 09:25:43', '2024-06-04 09:25:43'),
(195, '2022-05-19 00:30:00', 55.07, 1, 5, '2024-06-04 09:25:43', '2024-06-04 09:25:43'),
(196, '2022-05-19 01:00:00', 59.85, 1, 5, '2024-06-04 09:25:43', '2024-06-04 09:25:43'),
(197, '2022-05-19 01:30:00', 53.79, 1, 5, '2024-06-04 09:25:43', '2024-06-04 09:25:43'),
(198, '2022-05-19 02:00:00', 51.92, 1, 5, '2024-06-04 09:25:43', '2024-06-04 09:25:43'),
(199, '2022-05-19 02:30:00', 50.95, 1, 5, '2024-06-04 09:25:43', '2024-06-04 09:25:43'),
(200, '2022-05-19 03:00:00', 49.65, 1, 5, '2024-06-04 09:25:43', '2024-06-04 09:25:43'),
(201, '2022-05-19 03:30:00', 48.09, 1, 5, '2024-06-04 09:25:43', '2024-06-04 09:25:43'),
(202, '2022-05-19 04:00:00', 49.81, 1, 5, '2024-06-04 09:25:43', '2024-06-04 09:25:43'),
(203, '2022-05-19 04:30:00', 47.85, 1, 5, '2024-06-04 09:25:43', '2024-06-04 09:25:43'),
(204, '2022-05-19 05:00:00', 49.52, 1, 5, '2024-06-04 09:25:43', '2024-06-04 09:25:43'),
(205, '2022-05-19 05:30:00', 50.21, 1, 5, '2024-06-04 09:25:43', '2024-06-04 09:25:43'),
(206, '2022-05-19 06:00:00', 52.22, 1, 5, '2024-06-04 09:25:43', '2024-06-04 09:25:43'),
(207, '2022-05-19 06:30:00', 54.42, 1, 5, '2024-06-04 09:25:43', '2024-06-04 09:25:43'),
(208, '2022-05-19 07:00:00', 53.42, 1, 5, '2024-06-04 09:25:43', '2024-06-04 09:25:43'),
(209, '2022-05-19 07:30:00', 50.91, 1, 5, '2024-06-04 09:25:43', '2024-06-04 09:25:43'),
(210, '2022-05-19 08:00:00', 58.52, 1, 5, '2024-06-04 09:25:43', '2024-06-04 09:25:43'),
(211, '2022-05-19 08:30:00', 53.37, 1, 5, '2024-06-04 09:25:43', '2024-06-04 09:25:43'),
(212, '2022-05-19 09:00:00', 57.58, 1, 5, '2024-06-04 09:25:43', '2024-06-04 09:25:43'),
(213, '2022-05-19 09:30:00', 59.09, 1, 5, '2024-06-04 09:25:43', '2024-06-04 09:25:43'),
(214, '2022-05-19 10:00:00', 59.36, 1, 5, '2024-06-04 09:25:43', '2024-06-04 09:25:43'),
(215, '2022-05-19 10:30:00', 58.71, 1, 5, '2024-06-04 09:25:43', '2024-06-04 09:25:43'),
(216, '2022-05-19 11:00:00', 59.42, 1, 5, '2024-06-04 09:25:43', '2024-06-04 09:25:43'),
(217, '2022-05-19 11:30:00', 55.93, 1, 5, '2024-06-04 09:25:43', '2024-06-04 09:25:43'),
(218, '2022-05-19 12:00:00', 57.71, 1, 5, '2024-06-04 09:25:43', '2024-06-04 09:25:43'),
(219, '2022-05-19 12:30:00', 50.62, 1, 5, '2024-06-04 09:25:43', '2024-06-04 09:25:43'),
(220, '2022-05-19 13:00:00', 56.28, 1, 5, '2024-06-04 09:25:43', '2024-06-04 09:25:43'),
(221, '2022-05-19 13:30:00', 57.37, 1, 5, '2024-06-04 09:25:43', '2024-06-04 09:25:43'),
(222, '2022-05-19 14:00:00', 53.08, 1, 5, '2024-06-04 09:25:43', '2024-06-04 09:25:43'),
(223, '2022-05-19 14:30:00', 55.94, 1, 5, '2024-06-04 09:25:44', '2024-06-04 09:25:44'),
(224, '2022-05-19 15:00:00', 55.82, 1, 5, '2024-06-04 09:25:44', '2024-06-04 09:25:44'),
(225, '2022-05-19 15:30:00', 53.94, 1, 5, '2024-06-04 09:25:44', '2024-06-04 09:25:44'),
(226, '2022-05-19 16:00:00', 52.65, 1, 5, '2024-06-04 09:25:44', '2024-06-04 09:25:44'),
(227, '2022-05-19 16:30:00', 50.25, 1, 5, '2024-06-04 09:25:44', '2024-06-04 09:25:44'),
(228, 'United States', 35.00, NULL, 6, '2024-06-04 09:25:44', '2024-06-04 09:25:44'),
(229, 'Italy', 30.00, NULL, 6, '2024-06-04 09:25:44', '2024-06-04 09:25:44'),
(230, 'Other', 35.00, NULL, 6, '2024-06-04 09:25:44', '2024-06-04 09:25:44'),
(231, '12-01-2020', 73.00, 1, 8, '2024-06-04 09:25:44', '2024-06-04 09:25:44'),
(232, '01-01-2021', 64.00, 1, 8, '2024-06-04 09:25:44', '2024-06-04 09:25:44'),
(233, '02-01-2021', 73.00, 1, 8, '2024-06-04 09:25:44', '2024-06-04 09:25:44'),
(234, '03-01-2021', 69.00, 1, 8, '2024-06-04 09:25:44', '2024-06-04 09:25:44'),
(235, '04-01-2021', 104.00, 1, 8, '2024-06-04 09:25:44', '2024-06-04 09:25:44'),
(236, '05-01-2021', 104.00, 1, 8, '2024-06-04 09:25:44', '2024-06-04 09:25:44'),
(237, '06-01-2021', 164.00, 1, 8, '2024-06-04 09:25:44', '2024-06-04 09:25:44'),
(238, '07-01-2021', 164.00, 1, 8, '2024-06-04 09:25:44', '2024-06-04 09:25:44'),
(239, '08-01-2021', 120.00, 1, 8, '2024-06-04 09:25:44', '2024-06-04 09:25:44'),
(240, '09-01-2021', 120.00, 1, 8, '2024-06-04 09:25:44', '2024-06-04 09:25:44'),
(241, '10-01-2021', 120.00, 1, 8, '2024-06-04 09:25:44', '2024-06-04 09:25:44'),
(242, '11-01-2021', 148.00, 1, 8, '2024-06-04 09:25:44', '2024-06-04 09:25:44'),
(243, '12-01-2021', 142.00, 1, 8, '2024-06-04 09:25:44', '2024-06-04 09:25:44'),
(244, '01-01-2022', 104.00, 1, 8, '2024-06-04 09:25:44', '2024-06-04 09:25:44'),
(245, '02-01-2022', 122.00, 1, 8, '2024-06-04 09:25:44', '2024-06-04 09:25:44'),
(246, '03-01-2022', 110.00, 1, 8, '2024-06-04 09:25:44', '2024-06-04 09:25:44'),
(247, '04-01-2022', 104.00, 1, 8, '2024-06-04 09:25:44', '2024-06-04 09:25:44'),
(248, '05-01-2022', 152.00, 1, 8, '2024-06-04 09:25:44', '2024-06-04 09:25:44'),
(249, '06-01-2022', 166.00, 1, 8, '2024-06-04 09:25:44', '2024-06-04 09:25:44'),
(250, '07-01-2022', 233.00, 1, 8, '2024-06-04 09:25:44', '2024-06-04 09:25:44'),
(251, '08-01-2022', 268.00, 1, 8, '2024-06-04 09:25:44', '2024-06-04 09:25:44'),
(252, '09-01-2022', 252.00, 1, 8, '2024-06-04 09:25:44', '2024-06-04 09:25:44'),
(253, '10-01-2022', 284.00, 1, 8, '2024-06-04 09:25:44', '2024-06-04 09:25:44'),
(254, '11-01-2022', 284.00, 1, 8, '2024-06-04 09:25:44', '2024-06-04 09:25:44'),
(255, '12-01-2022', 333.00, 1, 8, '2024-06-04 09:25:44', '2024-06-04 09:25:44'),
(256, '01-01-2023', 323.00, 1, 8, '2024-06-04 09:25:44', '2024-06-04 09:25:44'),
(257, NULL, 184.00, 2, 8, '2024-06-04 09:25:44', '2024-06-04 09:25:44'),
(258, NULL, 86.00, 2, 8, '2024-06-04 09:25:44', '2024-06-04 09:25:44'),
(259, NULL, 42.00, 2, 8, '2024-06-04 09:25:44', '2024-06-04 09:25:44'),
(260, NULL, 378.00, 2, 8, '2024-06-04 09:25:44', '2024-06-04 09:25:44'),
(261, NULL, 42.00, 2, 8, '2024-06-04 09:25:44', '2024-06-04 09:25:44'),
(262, NULL, 243.00, 2, 8, '2024-06-04 09:25:44', '2024-06-04 09:25:44'),
(263, NULL, 38.00, 2, 8, '2024-06-04 09:25:44', '2024-06-04 09:25:44'),
(264, NULL, 120.00, 2, 8, '2024-06-04 09:25:44', '2024-06-04 09:25:44'),
(265, NULL, 0.00, 2, 8, '2024-06-04 09:25:44', '2024-06-04 09:25:44'),
(266, NULL, 0.00, 2, 8, '2024-06-04 09:25:44', '2024-06-04 09:25:44'),
(267, NULL, 42.00, 2, 8, '2024-06-04 09:25:44', '2024-06-04 09:25:44'),
(268, NULL, 0.00, 2, 8, '2024-06-04 09:25:44', '2024-06-04 09:25:44'),
(269, NULL, 84.00, 2, 8, '2024-06-04 09:25:44', '2024-06-04 09:25:44'),
(270, NULL, 0.00, 2, 8, '2024-06-04 09:25:44', '2024-06-04 09:25:44'),
(271, NULL, 276.00, 2, 8, '2024-06-04 09:25:45', '2024-06-04 09:25:45'),
(272, NULL, 0.00, 2, 8, '2024-06-04 09:25:45', '2024-06-04 09:25:45'),
(273, NULL, 124.00, 2, 8, '2024-06-04 09:25:45', '2024-06-04 09:25:45'),
(274, NULL, 42.00, 2, 8, '2024-06-04 09:25:45', '2024-06-04 09:25:45'),
(275, NULL, 124.00, 2, 8, '2024-06-04 09:25:45', '2024-06-04 09:25:45'),
(276, NULL, 88.00, 2, 8, '2024-06-04 09:25:45', '2024-06-04 09:25:45'),
(277, NULL, 88.00, 2, 8, '2024-06-04 09:25:45', '2024-06-04 09:25:45'),
(278, NULL, 215.00, 2, 8, '2024-06-04 09:25:45', '2024-06-04 09:25:45'),
(279, NULL, 156.00, 2, 8, '2024-06-04 09:25:45', '2024-06-04 09:25:45'),
(280, NULL, 88.00, 2, 8, '2024-06-04 09:25:45', '2024-06-04 09:25:45'),
(281, NULL, 124.00, 2, 8, '2024-06-04 09:25:45', '2024-06-04 09:25:45'),
(282, NULL, 64.00, 2, 8, '2024-06-04 09:25:45', '2024-06-04 09:25:45'),
(283, NULL, 122.00, 3, 8, '2024-06-04 09:25:45', '2024-06-04 09:25:45'),
(284, NULL, 170.00, 3, 8, '2024-06-04 09:25:45', '2024-06-04 09:25:45'),
(285, NULL, 192.00, 3, 8, '2024-06-04 09:25:45', '2024-06-04 09:25:45'),
(286, NULL, 86.00, 3, 8, '2024-06-04 09:25:45', '2024-06-04 09:25:45'),
(287, NULL, 102.00, 3, 8, '2024-06-04 09:25:45', '2024-06-04 09:25:45'),
(288, NULL, 124.00, 3, 8, '2024-06-04 09:25:45', '2024-06-04 09:25:45'),
(289, NULL, 115.00, 3, 8, '2024-06-04 09:25:45', '2024-06-04 09:25:45'),
(290, NULL, 115.00, 3, 8, '2024-06-04 09:25:45', '2024-06-04 09:25:45'),
(291, NULL, 56.00, 3, 8, '2024-06-04 09:25:45', '2024-06-04 09:25:45'),
(292, NULL, 104.00, 3, 8, '2024-06-04 09:25:45', '2024-06-04 09:25:45'),
(293, NULL, 0.00, 3, 8, '2024-06-04 09:25:45', '2024-06-04 09:25:45'),
(294, NULL, 72.00, 3, 8, '2024-06-04 09:25:45', '2024-06-04 09:25:45'),
(295, NULL, 208.00, 3, 8, '2024-06-04 09:25:45', '2024-06-04 09:25:45'),
(296, NULL, 186.00, 3, 8, '2024-06-04 09:25:45', '2024-06-04 09:25:45'),
(297, NULL, 223.00, 3, 8, '2024-06-04 09:25:45', '2024-06-04 09:25:45'),
(298, NULL, 188.00, 3, 8, '2024-06-04 09:25:45', '2024-06-04 09:25:45'),
(299, NULL, 114.00, 3, 8, '2024-06-04 09:25:45', '2024-06-04 09:25:45'),
(300, NULL, 162.00, 3, 8, '2024-06-04 09:25:45', '2024-06-04 09:25:45'),
(301, NULL, 200.00, 3, 8, '2024-06-04 09:25:45', '2024-06-04 09:25:45'),
(302, NULL, 150.00, 3, 8, '2024-06-04 09:25:46', '2024-06-04 09:25:46'),
(303, NULL, 118.00, 3, 8, '2024-06-04 09:25:46', '2024-06-04 09:25:46'),
(304, NULL, 118.00, 3, 8, '2024-06-04 09:25:46', '2024-06-04 09:25:46'),
(305, NULL, 76.00, 3, 8, '2024-06-04 09:25:46', '2024-06-04 09:25:46'),
(306, NULL, 122.00, 3, 8, '2024-06-04 09:25:46', '2024-06-04 09:25:46'),
(307, NULL, 230.00, 3, 8, '2024-06-04 09:25:46', '2024-06-04 09:25:46'),
(308, NULL, 268.00, 3, 8, '2024-06-04 09:25:46', '2024-06-04 09:25:46'),
(309, '12-01-2020', 6200.00, 1, 9, '2024-06-04 09:25:46', '2024-06-04 09:25:46'),
(310, '01-01-2021', 9200.00, 1, 9, '2024-06-04 09:25:46', '2024-06-04 09:25:46'),
(311, '02-01-2021', 6600.00, 1, 9, '2024-06-04 09:25:46', '2024-06-04 09:25:46'),
(312, '03-01-2021', 8800.00, 1, 9, '2024-06-04 09:25:46', '2024-06-04 09:25:46'),
(313, '04-01-2021', 5200.00, 1, 9, '2024-06-04 09:25:46', '2024-06-04 09:25:46'),
(314, '05-01-2021', 9200.00, 1, 9, '2024-06-04 09:25:46', '2024-06-04 09:25:46'),
(315, NULL, -4000.00, 2, 9, '2024-06-04 09:25:46', '2024-06-04 09:25:46'),
(316, NULL, -2600.00, 2, 9, '2024-06-04 09:25:46', '2024-06-04 09:25:46'),
(317, NULL, -5350.00, 2, 9, '2024-06-04 09:25:46', '2024-06-04 09:25:46'),
(318, NULL, -4000.00, 2, 9, '2024-06-04 09:25:46', '2024-06-04 09:25:46'),
(319, NULL, -7500.00, 2, 9, '2024-06-04 09:25:46', '2024-06-04 09:25:46'),
(320, NULL, -2000.00, 2, 9, '2024-06-04 09:25:46', '2024-06-04 09:25:46');

-- --------------------------------------------------------

--
-- Table structure for table `failed_jobs`
--

CREATE TABLE `failed_jobs` (
  `id` bigint(20) UNSIGNED NOT NULL,
  `uuid` varchar(255) NOT NULL,
  `connection` text NOT NULL,
  `queue` text NOT NULL,
  `payload` longtext NOT NULL,
  `exception` longtext NOT NULL,
  `failed_at` timestamp NOT NULL DEFAULT current_timestamp()
) ENGINE=InnoDB DEFAULT CHARSET=utf8mb4 COLLATE=utf8mb4_unicode_ci;

-- --------------------------------------------------------

--
-- Table structure for table `financial_expenses`
--

CREATE TABLE `financial_expenses` (
  `id` bigint(20) UNSIGNED NOT NULL,
  `expense_category_item_id` bigint(20) UNSIGNED NOT NULL,
  `amount` decimal(15,2) NOT NULL,
  `narration` varchar(255) DEFAULT NULL,
  `date_of_payment` date DEFAULT NULL COMMENT 'DoP',
  `approved_by` bigint(20) UNSIGNED DEFAULT NULL,
  `created_by` bigint(20) UNSIGNED NOT NULL,
  `created_at` timestamp NULL DEFAULT NULL,
  `updated_at` timestamp NULL DEFAULT NULL,
  `deleted_at` timestamp NULL DEFAULT NULL
) ENGINE=InnoDB DEFAULT CHARSET=utf8mb4 COLLATE=utf8mb4_unicode_ci;

--
-- Dumping data for table `financial_expenses`
--

INSERT INTO `financial_expenses` (`id`, `expense_category_item_id`, `amount`, `narration`, `date_of_payment`, `approved_by`, `created_by`, `created_at`, `updated_at`, `deleted_at`) VALUES
(1, 1, 15000.00, 'Purchase Order 1', '2024-06-04', 1, 1, '2024-06-04 09:44:28', '2024-06-04 09:44:56', NULL);

-- --------------------------------------------------------

--
-- Table structure for table `financial_expense_categories`
--

CREATE TABLE `financial_expense_categories` (
  `id` bigint(20) UNSIGNED NOT NULL,
  `name` varchar(255) NOT NULL,
  `slug` varchar(255) NOT NULL,
  `description` varchar(255) DEFAULT NULL,
  `created_by` bigint(20) UNSIGNED NOT NULL,
  `created_at` timestamp NULL DEFAULT NULL,
  `updated_at` timestamp NULL DEFAULT NULL,
  `deleted_at` timestamp NULL DEFAULT NULL
) ENGINE=InnoDB DEFAULT CHARSET=utf8mb4 COLLATE=utf8mb4_unicode_ci;

--
-- Dumping data for table `financial_expense_categories`
--

INSERT INTO `financial_expense_categories` (`id`, `name`, `slug`, `description`, `created_by`, `created_at`, `updated_at`, `deleted_at`) VALUES
(1, 'Purchases', 'purchases', 'Expenses for purchases', 1, '2024-06-04 09:44:28', '2024-06-04 09:44:28', NULL);

-- --------------------------------------------------------

--
-- Table structure for table `financial_expense_category_items`
--

CREATE TABLE `financial_expense_category_items` (
  `id` bigint(20) UNSIGNED NOT NULL,
  `name` varchar(255) NOT NULL,
  `description` varchar(255) NOT NULL,
  `slug` varchar(255) NOT NULL,
  `financial_expense_category_id` bigint(20) UNSIGNED NOT NULL,
  `created_by` bigint(20) UNSIGNED NOT NULL,
  `created_at` timestamp NULL DEFAULT NULL,
  `updated_at` timestamp NULL DEFAULT NULL,
  `deleted_at` timestamp NULL DEFAULT NULL
) ENGINE=InnoDB DEFAULT CHARSET=utf8mb4 COLLATE=utf8mb4_unicode_ci;

--
-- Dumping data for table `financial_expense_category_items`
--

INSERT INTO `financial_expense_category_items` (`id`, `name`, `description`, `slug`, `financial_expense_category_id`, `created_by`, `created_at`, `updated_at`, `deleted_at`) VALUES
(1, 'Purchase Order', 'Expenses for purchase orders', 'purchase-order', 1, 1, '2024-06-04 09:44:28', '2024-06-04 09:44:28', NULL);

-- --------------------------------------------------------

--
-- Table structure for table `inventories`
--

CREATE TABLE `inventories` (
  `id` bigint(20) UNSIGNED NOT NULL,
  `product_id` bigint(20) UNSIGNED NOT NULL,
  `quantity` decimal(15,2) NOT NULL,
  `created_at` timestamp NULL DEFAULT NULL,
  `updated_at` timestamp NULL DEFAULT NULL
) ENGINE=InnoDB DEFAULT CHARSET=utf8mb4 COLLATE=utf8mb4_unicode_ci;

--
-- Dumping data for table `inventories`
--

INSERT INTO `inventories` (`id`, `product_id`, `quantity`, `created_at`, `updated_at`) VALUES
(1, 14, 30.00, '2024-06-04 09:44:28', '2024-06-04 09:44:28'),
(2, 3, -2.00, '2024-06-04 09:55:37', '2024-06-04 10:09:55'),
(3, 13, -2.00, '2024-06-04 09:57:20', '2024-06-04 09:57:20'),
(4, 7, -1.00, '2024-06-04 10:09:55', '2024-06-04 10:09:55');

-- --------------------------------------------------------

--
-- Table structure for table `migrations`
--

CREATE TABLE `migrations` (
  `id` int(10) UNSIGNED NOT NULL,
  `migration` varchar(255) NOT NULL,
  `batch` int(11) NOT NULL
) ENGINE=InnoDB DEFAULT CHARSET=utf8mb4 COLLATE=utf8mb4_unicode_ci;

--
-- Dumping data for table `migrations`
--

INSERT INTO `migrations` (`id`, `migration`, `batch`) VALUES
(1, '2014_10_12_000000_create_users_table', 1),
(2, '2014_10_12_200000_add_two_factor_columns_to_users_table', 1),
(3, '2019_08_19_000000_create_failed_jobs_table', 1),
(4, '2019_12_14_000001_create_personal_access_tokens_table', 1),
(5, '2022_03_23_163443_create_sessions_table', 1),
(6, '2022_05_11_154250_create_datafeeds_table', 1),
(7, '2024_04_13_025643_create_permission_tables', 1),
(8, '2024_05_04_160658_create_room_types_table', 1),
(9, '2024_05_04_170452_create_rooms_table', 1),
(10, '2024_05_04_182035_add_phone_to_users_table', 1),
(11, '2024_05_04_195215_create_customers_table', 1),
(12, '2024_05_04_195221_create_staff_table', 1),
(13, '2024_05_04_203414_create_room_prices_table', 1),
(14, '2024_05_04_203503_create_payments_table', 1),
(15, '2024_05_04_203529_create_transactions_table', 1),
(16, '2024_05_04_215243_create_reservations_table', 1),
(17, '2024_05_05_021049_add_reservation_id_to_transactions_tables', 1),
(18, '2024_05_09_083736_create_financial_expense_categories_table', 1),
(19, '2024_05_09_105146_create_financial_expense_category_items_table', 1),
(20, '2024_05_09_130349_create_financial_expenses_table', 1),
(21, '2024_05_11_001346_create_suppliers_table', 1),
(22, '2024_05_11_023401_create_product_categories_table', 1),
(23, '2024_05_11_023526_create_products_table', 1),
(24, '2024_05_11_033253_add_options_to_products_table', 1),
(25, '2024_05_11_042451_create_inventories_table', 1),
(26, '2024_05_11_075337_create_purchases_table', 1),
(27, '2024_05_18_151148_create_purchase_orders_table', 1),
(28, '2024_05_18_151949_create_purchase_order_items_table', 1),
(29, '2024_05_18_215717_add_in_stock_to_products_table', 1),
(30, '2024_05_19_040123_create_product_prices_table', 1),
(31, '2024_05_19_050311_create_customer_orders_table', 1),
(32, '2024_05_19_050924_create_customer_order_items_table', 1),
(33, '2024_05_20_081318_create_customer_order_payments_table', 1);

-- --------------------------------------------------------

--
-- Table structure for table `model_has_permissions`
--

CREATE TABLE `model_has_permissions` (
  `permission_id` bigint(20) UNSIGNED NOT NULL,
  `model_type` varchar(255) NOT NULL,
  `model_id` bigint(20) UNSIGNED NOT NULL
) ENGINE=InnoDB DEFAULT CHARSET=utf8mb4 COLLATE=utf8mb4_unicode_ci;

-- --------------------------------------------------------

--
-- Table structure for table `model_has_roles`
--

CREATE TABLE `model_has_roles` (
  `role_id` bigint(20) UNSIGNED NOT NULL,
  `model_type` varchar(255) NOT NULL,
  `model_id` bigint(20) UNSIGNED NOT NULL
) ENGINE=InnoDB DEFAULT CHARSET=utf8mb4 COLLATE=utf8mb4_unicode_ci;

--
-- Dumping data for table `model_has_roles`
--

INSERT INTO `model_has_roles` (`role_id`, `model_type`, `model_id`) VALUES
(1, 'App\\Models\\User', 1);

-- --------------------------------------------------------

--
-- Table structure for table `payments`
--

CREATE TABLE `payments` (
  `id` bigint(20) UNSIGNED NOT NULL,
  `customer_id` bigint(20) UNSIGNED NOT NULL,
  `payment_method` varchar(255) NOT NULL,
  `amount` double(8,2) NOT NULL,
  `payment_date` date NOT NULL,
  `created_at` timestamp NULL DEFAULT NULL,
  `updated_at` timestamp NULL DEFAULT NULL
) ENGINE=InnoDB DEFAULT CHARSET=utf8mb4 COLLATE=utf8mb4_unicode_ci;

--
-- Dumping data for table `payments`
--

INSERT INTO `payments` (`id`, `customer_id`, `payment_method`, `amount`, `payment_date`, `created_at`, `updated_at`) VALUES
(1, 1, 'cash', 10000.00, '2024-06-04', '2024-06-04 09:59:41', '2024-06-04 09:59:41');

-- --------------------------------------------------------

--
-- Table structure for table `permissions`
--

CREATE TABLE `permissions` (
  `id` bigint(20) UNSIGNED NOT NULL,
  `name` varchar(255) NOT NULL,
  `guard_name` varchar(255) NOT NULL,
  `created_at` timestamp NULL DEFAULT NULL,
  `updated_at` timestamp NULL DEFAULT NULL
) ENGINE=InnoDB DEFAULT CHARSET=utf8mb4 COLLATE=utf8mb4_unicode_ci;

--
-- Dumping data for table `permissions`
--

INSERT INTO `permissions` (`id`, `name`, `guard_name`, `created_at`, `updated_at`) VALUES
(1, 'create-users', 'web', '2024-06-04 09:25:35', '2024-06-04 09:25:35'),
(2, 'edit-users', 'web', '2024-06-04 09:25:35', '2024-06-04 09:25:35'),
(3, 'delete-users', 'web', '2024-06-04 09:25:36', '2024-06-04 09:25:36'),
(4, 'view-users', 'web', '2024-06-04 09:25:36', '2024-06-04 09:25:36'),
(5, 'view-roles', 'web', '2024-06-04 09:25:36', '2024-06-04 09:25:36'),
(6, 'create-roles', 'web', '2024-06-04 09:25:36', '2024-06-04 09:25:36'),
(7, 'edit-roles', 'web', '2024-06-04 09:25:36', '2024-06-04 09:25:36'),
(8, 'delete-roles', 'web', '2024-06-04 09:25:36', '2024-06-04 09:25:36'),
(9, 'create-room-type', 'web', '2024-06-04 09:25:36', '2024-06-04 09:25:36'),
(10, 'create-room', 'web', '2024-06-04 09:25:37', '2024-06-04 09:25:37'),
(11, 'view-expense-category', 'web', '2024-06-04 09:25:47', '2024-06-04 09:25:47'),
(12, 'create-expense-category', 'web', '2024-06-04 09:25:47', '2024-06-04 09:25:47'),
(13, 'edit-expense-category', 'web', '2024-06-04 09:25:47', '2024-06-04 09:25:47'),
(14, 'view-expense-transactions', 'web', '2024-06-04 09:25:48', '2024-06-04 09:25:48');

-- --------------------------------------------------------

--
-- Table structure for table `personal_access_tokens`
--

CREATE TABLE `personal_access_tokens` (
  `id` bigint(20) UNSIGNED NOT NULL,
  `tokenable_type` varchar(255) NOT NULL,
  `tokenable_id` bigint(20) UNSIGNED NOT NULL,
  `name` varchar(255) NOT NULL,
  `token` varchar(64) NOT NULL,
  `abilities` text DEFAULT NULL,
  `last_used_at` timestamp NULL DEFAULT NULL,
  `expires_at` timestamp NULL DEFAULT NULL,
  `created_at` timestamp NULL DEFAULT NULL,
  `updated_at` timestamp NULL DEFAULT NULL
) ENGINE=InnoDB DEFAULT CHARSET=utf8mb4 COLLATE=utf8mb4_unicode_ci;

-- --------------------------------------------------------

--
-- Table structure for table `products`
--

CREATE TABLE `products` (
  `id` bigint(20) UNSIGNED NOT NULL,
  `name` varchar(255) NOT NULL,
  `description` varchar(255) DEFAULT NULL,
  `product_category_id` bigint(20) UNSIGNED NOT NULL,
  `deleted_at` timestamp NULL DEFAULT NULL,
  `created_at` timestamp NULL DEFAULT NULL,
  `updated_at` timestamp NULL DEFAULT NULL,
  `is_sellable` tinyint(1) NOT NULL DEFAULT 0,
  `is_buyable` tinyint(1) NOT NULL DEFAULT 1,
  `is_manufacturable` tinyint(1) NOT NULL DEFAULT 0
) ENGINE=InnoDB DEFAULT CHARSET=utf8mb4 COLLATE=utf8mb4_unicode_ci;

--
-- Dumping data for table `products`
--

INSERT INTO `products` (`id`, `name`, `description`, `product_category_id`, `deleted_at`, `created_at`, `updated_at`, `is_sellable`, `is_buyable`, `is_manufacturable`) VALUES
(1, 'Hot Milk', NULL, 1, NULL, '2024-06-04 09:26:29', '2024-06-04 09:26:29', 1, 0, 1),
(2, 'hot Chocolate', NULL, 1, NULL, '2024-06-04 09:26:48', '2024-06-04 09:26:48', 1, 0, 1),
(3, 'Hot Coffee', NULL, 1, NULL, '2024-06-04 09:27:01', '2024-06-04 09:27:01', 1, 0, 1),
(4, 'Black tea', NULL, 1, NULL, '2024-06-04 09:27:30', '2024-06-04 09:27:30', 1, 0, 1),
(5, 'Hot water', NULL, 1, NULL, '2024-06-04 09:27:49', '2024-06-04 09:27:49', 1, 0, 1),
(6, 'Spanish Omlette', 'with fresh bread', 2, NULL, '2024-06-04 09:28:20', '2024-06-04 09:28:20', 1, 0, 1),
(7, 'Tomato Omlette', 'with fresh bread', 2, NULL, '2024-06-04 09:28:42', '2024-06-04 09:28:42', 1, 0, 1),
(8, 'plain Omlette', 'with fresh bread', 2, NULL, '2024-06-04 09:29:10', '2024-06-04 09:29:10', 1, 0, 1),
(9, 'Vegetable Sumbusa', NULL, 2, NULL, '2024-06-04 09:30:05', '2024-06-04 09:30:05', 1, 0, 1),
(10, 'beef sumbusa', NULL, 2, NULL, '2024-06-04 09:32:41', '2024-06-04 09:32:41', 1, 0, 1),
(11, 'Plain Omlette', 'with French fries', 2, NULL, '2024-06-04 09:34:57', '2024-06-04 09:34:57', 1, 0, 1),
(12, 'boiled eggs', 'with kachumbari', 2, NULL, '2024-06-04 09:36:42', '2024-06-04 09:36:42', 1, 0, 1),
(13, 'chappatti ', 'with scrambled eggs', 2, NULL, '2024-06-04 09:37:55', '2024-06-04 09:37:55', 1, 0, 1),
(14, 'eggs', NULL, 11, NULL, '2024-06-04 09:40:22', '2024-06-04 09:40:22', 0, 1, 0);

-- --------------------------------------------------------

--
-- Table structure for table `product_categories`
--

CREATE TABLE `product_categories` (
  `id` bigint(20) UNSIGNED NOT NULL,
  `name` varchar(255) NOT NULL,
  `description` varchar(255) DEFAULT NULL,
  `deleted_at` timestamp NULL DEFAULT NULL,
  `created_at` timestamp NULL DEFAULT NULL,
  `updated_at` timestamp NULL DEFAULT NULL
) ENGINE=InnoDB DEFAULT CHARSET=utf8mb4 COLLATE=utf8mb4_unicode_ci;

--
-- Dumping data for table `product_categories`
--

INSERT INTO `product_categories` (`id`, `name`, `description`, `deleted_at`, `created_at`, `updated_at`) VALUES
(1, 'Teas', 'Teas', NULL, '2024-06-04 09:25:48', '2024-06-04 09:25:48'),
(2, 'Accompaniments', 'Accompaniments', NULL, '2024-06-04 09:25:48', '2024-06-04 09:25:48'),
(3, 'Spirits', 'Spirits', NULL, '2024-06-04 09:25:48', '2024-06-04 09:25:48'),
(4, 'Wines', 'Wines', NULL, '2024-06-04 09:25:48', '2024-06-04 09:25:48'),
(5, 'Energy Drinks', 'Energy Drinks', NULL, '2024-06-04 09:25:48', '2024-06-04 09:25:48'),
(6, 'Refreshments', 'Refreshments', NULL, '2024-06-04 09:25:48', '2024-06-04 09:25:48'),
(7, 'Fruit Salad', 'Fruit Salad', NULL, '2024-06-04 09:25:48', '2024-06-04 09:25:48'),
(8, 'Beers', 'Beers', NULL, '2024-06-04 09:25:48', '2024-06-04 09:25:48'),
(9, 'Whiskey', 'Whiskey', NULL, '2024-06-04 09:25:48', '2024-06-04 09:25:48'),
(10, 'Main Meals', 'Served with rice or Irish or Potatoes or French Fries', NULL, '2024-06-04 09:25:49', '2024-06-04 09:25:49'),
(11, 'ingredients', 'usable in the cooking', NULL, '2024-06-04 09:39:55', '2024-06-04 09:39:55');

-- --------------------------------------------------------

--
-- Table structure for table `product_prices`
--

CREATE TABLE `product_prices` (
  `id` bigint(20) UNSIGNED NOT NULL,
  `product_id` bigint(20) UNSIGNED NOT NULL,
  `price` decimal(8,2) NOT NULL,
  `created_by` bigint(20) UNSIGNED NOT NULL,
  `created_at` timestamp NULL DEFAULT NULL,
  `updated_at` timestamp NULL DEFAULT NULL,
  `deleted_at` timestamp NULL DEFAULT NULL
) ENGINE=InnoDB DEFAULT CHARSET=utf8mb4 COLLATE=utf8mb4_unicode_ci;

--
-- Dumping data for table `product_prices`
--

INSERT INTO `product_prices` (`id`, `product_id`, `price`, `created_by`, `created_at`, `updated_at`, `deleted_at`) VALUES
(1, 1, 8000.00, 1, '2024-06-04 09:46:46', '2024-06-04 09:46:46', NULL),
(2, 2, 10000.00, 1, '2024-06-04 09:47:01', '2024-06-04 09:47:05', '2024-06-04 09:47:05'),
(3, 2, 10000.00, 1, '2024-06-04 09:47:05', '2024-06-04 09:47:05', NULL),
(4, 3, 10000.00, 1, '2024-06-04 09:47:13', '2024-06-04 09:47:13', NULL),
(5, 4, 10000.00, 1, '2024-06-04 09:47:20', '2024-06-04 09:47:38', '2024-06-04 09:47:38'),
(6, 4, 8000.00, 1, '2024-06-04 09:47:38', '2024-06-04 09:47:38', NULL),
(7, 5, 8000.00, 1, '2024-06-04 09:47:44', '2024-06-04 09:47:44', NULL);

-- --------------------------------------------------------

--
-- Table structure for table `purchases`
--

CREATE TABLE `purchases` (
  `id` bigint(20) UNSIGNED NOT NULL,
  `supplier_id` bigint(20) UNSIGNED NOT NULL,
  `product_id` bigint(20) UNSIGNED NOT NULL,
  `supplier_reference` varchar(255) NOT NULL,
  `quantity` int(11) NOT NULL,
  `price` double(8,2) NOT NULL,
  `need_by_date` date NOT NULL,
  `expected_arrival_date` date DEFAULT NULL,
  `created_at` timestamp NULL DEFAULT NULL,
  `updated_at` timestamp NULL DEFAULT NULL
) ENGINE=InnoDB DEFAULT CHARSET=utf8mb4 COLLATE=utf8mb4_unicode_ci;

-- --------------------------------------------------------

--
-- Table structure for table `purchase_orders`
--

CREATE TABLE `purchase_orders` (
  `id` bigint(20) UNSIGNED NOT NULL,
  `supplier_id` bigint(20) UNSIGNED NOT NULL,
  `supplier_reference` varchar(255) DEFAULT NULL,
  `expected_arrival_date` date DEFAULT NULL,
  `order_deadline_date` date DEFAULT NULL,
  `received_date` date DEFAULT NULL,
  `sent_date` date DEFAULT NULL,
  `created_by` bigint(20) UNSIGNED NOT NULL,
  `staff_notes` text DEFAULT NULL,
  `created_at` timestamp NULL DEFAULT NULL,
  `updated_at` timestamp NULL DEFAULT NULL,
  `deleted_at` timestamp NULL DEFAULT NULL
) ENGINE=InnoDB DEFAULT CHARSET=utf8mb4 COLLATE=utf8mb4_unicode_ci;

--
-- Dumping data for table `purchase_orders`
--

INSERT INTO `purchase_orders` (`id`, `supplier_id`, `supplier_reference`, `expected_arrival_date`, `order_deadline_date`, `received_date`, `sent_date`, `created_by`, `staff_notes`, `created_at`, `updated_at`, `deleted_at`) VALUES
(1, 1, NULL, '2024-06-04', '2024-06-05', '2024-06-04', NULL, 1, NULL, '2024-06-04 09:44:04', '2024-06-04 09:44:28', NULL);

-- --------------------------------------------------------

--
-- Table structure for table `purchase_order_items`
--

CREATE TABLE `purchase_order_items` (
  `id` bigint(20) UNSIGNED NOT NULL,
  `purchase_order_id` bigint(20) UNSIGNED NOT NULL,
  `product_id` bigint(20) UNSIGNED NOT NULL,
  `quantity` decimal(10,2) NOT NULL,
  `unit_price` decimal(10,2) NOT NULL,
  `ammount` decimal(10,2) NOT NULL,
  `r_quantity` decimal(10,2) DEFAULT NULL,
  `r_unit_price` decimal(10,2) DEFAULT NULL,
  `r_ammount` decimal(10,2) DEFAULT NULL,
  `created_at` timestamp NULL DEFAULT NULL,
  `updated_at` timestamp NULL DEFAULT NULL
) ENGINE=InnoDB DEFAULT CHARSET=utf8mb4 COLLATE=utf8mb4_unicode_ci;

--
-- Dumping data for table `purchase_order_items`
--

INSERT INTO `purchase_order_items` (`id`, `purchase_order_id`, `product_id`, `quantity`, `unit_price`, `ammount`, `r_quantity`, `r_unit_price`, `r_ammount`, `created_at`, `updated_at`) VALUES
(1, 1, 14, 30.00, 500.00, 15000.00, 30.00, 500.00, 15000.00, '2024-06-04 09:44:04', '2024-06-04 09:44:28');

-- --------------------------------------------------------

--
-- Table structure for table `reservations`
--

CREATE TABLE `reservations` (
  `id` bigint(20) UNSIGNED NOT NULL,
  `customer_id` bigint(20) UNSIGNED NOT NULL,
  `financial_currency` varchar(255) NOT NULL DEFAULT 'USD',
  `staff_id` bigint(20) UNSIGNED DEFAULT NULL,
  `room_price_rate` decimal(8,2) DEFAULT NULL,
  `room_id` bigint(20) UNSIGNED DEFAULT NULL,
  `expected_arrival` datetime DEFAULT NULL,
  `number_of_days` int(11) DEFAULT NULL,
  `expected_departure` datetime DEFAULT NULL,
  `checkin_date` datetime DEFAULT NULL,
  `checkout_date` datetime DEFAULT NULL,
  `reservation_date` datetime DEFAULT NULL,
  `number_of_people` int(11) DEFAULT NULL,
  `created_at` timestamp NULL DEFAULT NULL,
  `updated_at` timestamp NULL DEFAULT NULL,
  `deleted_at` timestamp NULL DEFAULT NULL
) ENGINE=InnoDB DEFAULT CHARSET=utf8mb4 COLLATE=utf8mb4_unicode_ci;

-- --------------------------------------------------------

--
-- Table structure for table `roles`
--

CREATE TABLE `roles` (
  `id` bigint(20) UNSIGNED NOT NULL,
  `name` varchar(255) NOT NULL,
  `guard_name` varchar(255) NOT NULL,
  `created_at` timestamp NULL DEFAULT NULL,
  `updated_at` timestamp NULL DEFAULT NULL
) ENGINE=InnoDB DEFAULT CHARSET=utf8mb4 COLLATE=utf8mb4_unicode_ci;

--
-- Dumping data for table `roles`
--

INSERT INTO `roles` (`id`, `name`, `guard_name`, `created_at`, `updated_at`) VALUES
(1, 'admin', 'web', '2024-06-04 09:25:37', '2024-06-04 09:25:37');

-- --------------------------------------------------------

--
-- Table structure for table `role_has_permissions`
--

CREATE TABLE `role_has_permissions` (
  `permission_id` bigint(20) UNSIGNED NOT NULL,
  `role_id` bigint(20) UNSIGNED NOT NULL
) ENGINE=InnoDB DEFAULT CHARSET=utf8mb4 COLLATE=utf8mb4_unicode_ci;

--
-- Dumping data for table `role_has_permissions`
--

INSERT INTO `role_has_permissions` (`permission_id`, `role_id`) VALUES
(1, 1),
(2, 1),
(3, 1),
(4, 1),
(5, 1),
(6, 1),
(7, 1),
(8, 1),
(9, 1),
(10, 1),
(11, 1),
(12, 1),
(13, 1),
(14, 1);

-- --------------------------------------------------------

--
-- Table structure for table `rooms`
--

CREATE TABLE `rooms` (
  `id` bigint(20) UNSIGNED NOT NULL,
  `image_path` varchar(255) DEFAULT NULL,
  `room_types_id` bigint(20) UNSIGNED NOT NULL,
  `name` varchar(255) NOT NULL,
  `description` varchar(255) NOT NULL,
  `created_at` timestamp NULL DEFAULT NULL,
  `updated_at` timestamp NULL DEFAULT NULL
) ENGINE=InnoDB DEFAULT CHARSET=utf8mb4 COLLATE=utf8mb4_unicode_ci;

-- --------------------------------------------------------

--
-- Table structure for table `room_prices`
--

CREATE TABLE `room_prices` (
  `id` bigint(20) UNSIGNED NOT NULL,
  `room_id` bigint(20) UNSIGNED NOT NULL,
  `price` decimal(10,2) NOT NULL,
  `created_at` timestamp NULL DEFAULT NULL,
  `updated_at` timestamp NULL DEFAULT NULL,
  `deleted_at` timestamp NULL DEFAULT NULL
) ENGINE=InnoDB DEFAULT CHARSET=utf8mb4 COLLATE=utf8mb4_unicode_ci;

-- --------------------------------------------------------

--
-- Table structure for table `room_types`
--

CREATE TABLE `room_types` (
  `id` bigint(20) UNSIGNED NOT NULL,
  `name` varchar(255) NOT NULL,
  `description` varchar(255) DEFAULT NULL,
  `created_at` timestamp NULL DEFAULT NULL,
  `updated_at` timestamp NULL DEFAULT NULL
) ENGINE=InnoDB DEFAULT CHARSET=utf8mb4 COLLATE=utf8mb4_unicode_ci;

-- --------------------------------------------------------

--
-- Table structure for table `sessions`
--

CREATE TABLE `sessions` (
  `id` varchar(255) NOT NULL,
  `user_id` bigint(20) UNSIGNED DEFAULT NULL,
  `ip_address` varchar(45) DEFAULT NULL,
  `user_agent` text DEFAULT NULL,
  `payload` text NOT NULL,
  `last_activity` int(11) NOT NULL
) ENGINE=InnoDB DEFAULT CHARSET=utf8mb4 COLLATE=utf8mb4_unicode_ci;

--
-- Dumping data for table `sessions`
--

INSERT INTO `sessions` (`id`, `user_id`, `ip_address`, `user_agent`, `payload`, `last_activity`) VALUES
('NxVOAXEWYyLkAkjFRuq1wBiPAoEtBp7wGOuMTFUk', NULL, '127.0.0.1', 'Mozilla/5.0 (Windows NT 10.0; Win64; x64) AppleWebKit/537.36 (KHTML, like Gecko) Chrome/125.0.0.0 Safari/537.36', 'YTo1OntzOjY6Il90b2tlbiI7czo0MDoidWNGaVlxcDFmdkthR2d6aDY5OG5BSllvR1N2UVREQklKMXdyMWRTQyI7czoxODoiZmxhc2hlcjo6ZW52ZWxvcGVzIjthOjA6e31zOjk6Il9wcmV2aW91cyI7YToxOntzOjM6InVybCI7czoyNzoiaHR0cDovLzEyNy4wLjAuMTo4MDAwL2xvZ2luIjt9czo2OiJfZmxhc2giO2E6Mjp7czozOiJvbGQiO2E6MDp7fXM6MzoibmV3IjthOjA6e319czozOiJ1cmwiO2E6MTp7czo4OiJpbnRlbmRlZCI7czo0MDoiaHR0cDovLzEyNy4wLjAuMTo4MDAwL2ltYWdlcy9mZXZpY29uLnBuZyI7fX0=', 1717584332);

-- --------------------------------------------------------

--
-- Table structure for table `staff`
--

CREATE TABLE `staff` (
  `id` bigint(20) UNSIGNED NOT NULL,
  `user_id` bigint(20) UNSIGNED NOT NULL,
  `job_title` varchar(255) DEFAULT NULL,
  `created_at` timestamp NULL DEFAULT NULL,
  `updated_at` timestamp NULL DEFAULT NULL
) ENGINE=InnoDB DEFAULT CHARSET=utf8mb4 COLLATE=utf8mb4_unicode_ci;

--
-- Dumping data for table `staff`
--

INSERT INTO `staff` (`id`, `user_id`, `job_title`, `created_at`, `updated_at`) VALUES
(1, 1, NULL, '2024-06-04 09:25:37', '2024-06-04 09:25:37');

-- --------------------------------------------------------

--
-- Table structure for table `suppliers`
--

CREATE TABLE `suppliers` (
  `id` bigint(20) UNSIGNED NOT NULL,
  `name` varchar(255) NOT NULL,
  `address` varchar(255) DEFAULT NULL,
  `email` varchar(255) DEFAULT NULL,
  `phone` varchar(255) DEFAULT NULL,
  `phone2` varchar(255) DEFAULT NULL,
  `website` varchar(255) DEFAULT NULL,
  `company` varchar(255) DEFAULT NULL,
  `created_at` timestamp NULL DEFAULT NULL,
  `updated_at` timestamp NULL DEFAULT NULL
) ENGINE=InnoDB DEFAULT CHARSET=utf8mb4 COLLATE=utf8mb4_unicode_ci;

--
-- Dumping data for table `suppliers`
--

INSERT INTO `suppliers` (`id`, `name`, `address`, `email`, `phone`, `phone2`, `website`, `company`, `created_at`, `updated_at`) VALUES
(1, 'Nichole Ballard', 'Dignissimos incidunt', 'huruwuso@mailinator.com', '+1 (941) 406-7083', '+1 (648) 373-8489', 'https://www.bacoxonulawal.com.au', 'Townsend and Atkinson LLC', '2024-06-04 09:43:40', '2024-06-04 09:43:40');

-- --------------------------------------------------------

--
-- Table structure for table `transactions`
--

CREATE TABLE `transactions` (
  `id` bigint(20) UNSIGNED NOT NULL,
  `customer_id` bigint(20) UNSIGNED NOT NULL,
  `staff_id` bigint(20) UNSIGNED NOT NULL,
  `transaction_date` date NOT NULL,
  `payment_id` bigint(20) UNSIGNED NOT NULL,
  `created_at` timestamp NULL DEFAULT NULL,
  `updated_at` timestamp NULL DEFAULT NULL,
  `reservation_id` bigint(20) UNSIGNED DEFAULT NULL
) ENGINE=InnoDB DEFAULT CHARSET=utf8mb4 COLLATE=utf8mb4_unicode_ci;

-- --------------------------------------------------------

--
-- Table structure for table `users`
--

CREATE TABLE `users` (
  `id` bigint(20) UNSIGNED NOT NULL,
  `name` varchar(255) NOT NULL,
  `email` varchar(255) NOT NULL,
  `email_verified_at` timestamp NULL DEFAULT NULL,
  `password` varchar(255) NOT NULL,
  `two_factor_secret` text DEFAULT NULL,
  `two_factor_recovery_codes` text DEFAULT NULL,
  `two_factor_confirmed_at` timestamp NULL DEFAULT NULL,
  `remember_token` varchar(100) DEFAULT NULL,
  `current_team_id` bigint(20) UNSIGNED DEFAULT NULL,
  `profile_photo_path` varchar(2048) DEFAULT NULL,
  `created_at` timestamp NULL DEFAULT NULL,
  `updated_at` timestamp NULL DEFAULT NULL,
  `deleted_at` timestamp NULL DEFAULT NULL,
  `phone_number` varchar(255) DEFAULT NULL,
  `phone_number_two` varchar(255) DEFAULT NULL,
  `gender` enum('m','f') DEFAULT NULL,
  `date_of_birth` date DEFAULT NULL
) ENGINE=InnoDB DEFAULT CHARSET=utf8mb4 COLLATE=utf8mb4_unicode_ci;

--
-- Dumping data for table `users`
--

INSERT INTO `users` (`id`, `name`, `email`, `email_verified_at`, `password`, `two_factor_secret`, `two_factor_recovery_codes`, `two_factor_confirmed_at`, `remember_token`, `current_team_id`, `profile_photo_path`, `created_at`, `updated_at`, `deleted_at`, `phone_number`, `phone_number_two`, `gender`, `date_of_birth`) VALUES
(1, 'ICAC Admin', 'admin@icac.com', '2024-06-04 09:25:37', '$2y$12$4YbEr6lrjWEsx.xY49ZrA.kSIIGbfmKKz99NbWWswB8nkxif19URC', NULL, NULL, NULL, NULL, NULL, NULL, '2024-06-04 09:25:37', '2024-06-04 09:25:37', NULL, NULL, NULL, NULL, NULL);

--
-- Indexes for dumped tables
--

--
-- Indexes for table `customers`
--
ALTER TABLE `customers`
  ADD PRIMARY KEY (`id`);

--
-- Indexes for table `customer_orders`
--
ALTER TABLE `customer_orders`
  ADD PRIMARY KEY (`id`),
  ADD KEY `customer_orders_customer_id_foreign` (`customer_id`),
  ADD KEY `customer_orders_server_id_foreign` (`server_id`);

--
-- Indexes for table `customer_order_items`
--
ALTER TABLE `customer_order_items`
  ADD PRIMARY KEY (`id`),
  ADD KEY `customer_order_items_customer_order_id_foreign` (`customer_order_id`),
  ADD KEY `customer_order_items_product_id_foreign` (`product_id`);

--
-- Indexes for table `customer_order_payments`
--
ALTER TABLE `customer_order_payments`
  ADD PRIMARY KEY (`id`),
  ADD KEY `customer_order_payments_customer_order_id_foreign` (`customer_order_id`),
  ADD KEY `customer_order_payments_payment_id_foreign` (`payment_id`),
  ADD KEY `customer_order_payments_staff_id_foreign` (`staff_id`);

--
-- Indexes for table `datafeeds`
--
ALTER TABLE `datafeeds`
  ADD PRIMARY KEY (`id`);

--
-- Indexes for table `failed_jobs`
--
ALTER TABLE `failed_jobs`
  ADD PRIMARY KEY (`id`),
  ADD UNIQUE KEY `failed_jobs_uuid_unique` (`uuid`);

--
-- Indexes for table `financial_expenses`
--
ALTER TABLE `financial_expenses`
  ADD PRIMARY KEY (`id`),
  ADD KEY `financial_expenses_expense_category_item_id_foreign` (`expense_category_item_id`),
  ADD KEY `financial_expenses_approved_by_foreign` (`approved_by`),
  ADD KEY `financial_expenses_created_by_foreign` (`created_by`);

--
-- Indexes for table `financial_expense_categories`
--
ALTER TABLE `financial_expense_categories`
  ADD PRIMARY KEY (`id`),
  ADD KEY `financial_expense_categories_created_by_foreign` (`created_by`);

--
-- Indexes for table `financial_expense_category_items`
--
ALTER TABLE `financial_expense_category_items`
  ADD PRIMARY KEY (`id`),
  ADD KEY `fk_expense_cat_item` (`financial_expense_category_id`),
  ADD KEY `financial_expense_category_items_created_by_foreign` (`created_by`);

--
-- Indexes for table `inventories`
--
ALTER TABLE `inventories`
  ADD PRIMARY KEY (`id`),
  ADD KEY `inventories_product_id_foreign` (`product_id`);

--
-- Indexes for table `migrations`
--
ALTER TABLE `migrations`
  ADD PRIMARY KEY (`id`);

--
-- Indexes for table `model_has_permissions`
--
ALTER TABLE `model_has_permissions`
  ADD PRIMARY KEY (`permission_id`,`model_id`,`model_type`),
  ADD KEY `model_has_permissions_model_id_model_type_index` (`model_id`,`model_type`);

--
-- Indexes for table `model_has_roles`
--
ALTER TABLE `model_has_roles`
  ADD PRIMARY KEY (`role_id`,`model_id`,`model_type`),
  ADD KEY `model_has_roles_model_id_model_type_index` (`model_id`,`model_type`);

--
-- Indexes for table `payments`
--
ALTER TABLE `payments`
  ADD PRIMARY KEY (`id`),
  ADD KEY `payments_customer_id_foreign` (`customer_id`);

--
-- Indexes for table `permissions`
--
ALTER TABLE `permissions`
  ADD PRIMARY KEY (`id`),
  ADD UNIQUE KEY `permissions_name_guard_name_unique` (`name`,`guard_name`);

--
-- Indexes for table `personal_access_tokens`
--
ALTER TABLE `personal_access_tokens`
  ADD PRIMARY KEY (`id`),
  ADD UNIQUE KEY `personal_access_tokens_token_unique` (`token`),
  ADD KEY `personal_access_tokens_tokenable_type_tokenable_id_index` (`tokenable_type`,`tokenable_id`);

--
-- Indexes for table `products`
--
ALTER TABLE `products`
  ADD PRIMARY KEY (`id`),
  ADD KEY `products_product_category_id_foreign` (`product_category_id`);

--
-- Indexes for table `product_categories`
--
ALTER TABLE `product_categories`
  ADD PRIMARY KEY (`id`);

--
-- Indexes for table `product_prices`
--
ALTER TABLE `product_prices`
  ADD PRIMARY KEY (`id`),
  ADD KEY `product_prices_product_id_foreign` (`product_id`),
  ADD KEY `product_prices_created_by_foreign` (`created_by`);

--
-- Indexes for table `purchases`
--
ALTER TABLE `purchases`
  ADD PRIMARY KEY (`id`),
  ADD KEY `purchases_supplier_id_foreign` (`supplier_id`),
  ADD KEY `purchases_product_id_foreign` (`product_id`);

--
-- Indexes for table `purchase_orders`
--
ALTER TABLE `purchase_orders`
  ADD PRIMARY KEY (`id`),
  ADD KEY `purchase_orders_supplier_id_foreign` (`supplier_id`),
  ADD KEY `purchase_orders_created_by_foreign` (`created_by`);

--
-- Indexes for table `purchase_order_items`
--
ALTER TABLE `purchase_order_items`
  ADD PRIMARY KEY (`id`),
  ADD KEY `purchase_order_items_purchase_order_id_foreign` (`purchase_order_id`),
  ADD KEY `purchase_order_items_product_id_foreign` (`product_id`);

--
-- Indexes for table `reservations`
--
ALTER TABLE `reservations`
  ADD PRIMARY KEY (`id`),
  ADD KEY `reservations_customer_id_foreign` (`customer_id`),
  ADD KEY `reservations_staff_id_foreign` (`staff_id`),
  ADD KEY `reservations_room_id_foreign` (`room_id`);

--
-- Indexes for table `roles`
--
ALTER TABLE `roles`
  ADD PRIMARY KEY (`id`),
  ADD UNIQUE KEY `roles_name_guard_name_unique` (`name`,`guard_name`);

--
-- Indexes for table `role_has_permissions`
--
ALTER TABLE `role_has_permissions`
  ADD PRIMARY KEY (`permission_id`,`role_id`),
  ADD KEY `role_has_permissions_role_id_foreign` (`role_id`);

--
-- Indexes for table `rooms`
--
ALTER TABLE `rooms`
  ADD PRIMARY KEY (`id`),
  ADD KEY `rooms_room_types_id_foreign` (`room_types_id`);

--
-- Indexes for table `room_prices`
--
ALTER TABLE `room_prices`
  ADD PRIMARY KEY (`id`),
  ADD KEY `room_prices_room_id_foreign` (`room_id`);

--
-- Indexes for table `room_types`
--
ALTER TABLE `room_types`
  ADD PRIMARY KEY (`id`);

--
-- Indexes for table `sessions`
--
ALTER TABLE `sessions`
  ADD PRIMARY KEY (`id`),
  ADD KEY `sessions_user_id_index` (`user_id`),
  ADD KEY `sessions_last_activity_index` (`last_activity`);

--
-- Indexes for table `staff`
--
ALTER TABLE `staff`
  ADD PRIMARY KEY (`id`),
  ADD KEY `staff_user_id_foreign` (`user_id`);

--
-- Indexes for table `suppliers`
--
ALTER TABLE `suppliers`
  ADD PRIMARY KEY (`id`);

--
-- Indexes for table `transactions`
--
ALTER TABLE `transactions`
  ADD PRIMARY KEY (`id`),
  ADD KEY `transactions_customer_id_foreign` (`customer_id`),
  ADD KEY `transactions_staff_id_foreign` (`staff_id`),
  ADD KEY `transactions_payment_id_foreign` (`payment_id`),
  ADD KEY `transactions_reservation_id_foreign` (`reservation_id`);

--
-- Indexes for table `users`
--
ALTER TABLE `users`
  ADD PRIMARY KEY (`id`),
  ADD UNIQUE KEY `users_email_unique` (`email`);

--
-- AUTO_INCREMENT for dumped tables
--

--
-- AUTO_INCREMENT for table `customers`
--
ALTER TABLE `customers`
  MODIFY `id` bigint(20) UNSIGNED NOT NULL AUTO_INCREMENT, AUTO_INCREMENT=3;

--
-- AUTO_INCREMENT for table `customer_orders`
--
ALTER TABLE `customer_orders`
  MODIFY `id` bigint(20) UNSIGNED NOT NULL AUTO_INCREMENT, AUTO_INCREMENT=3;

--
-- AUTO_INCREMENT for table `customer_order_items`
--
ALTER TABLE `customer_order_items`
  MODIFY `id` bigint(20) UNSIGNED NOT NULL AUTO_INCREMENT, AUTO_INCREMENT=5;

--
-- AUTO_INCREMENT for table `customer_order_payments`
--
ALTER TABLE `customer_order_payments`
  MODIFY `id` bigint(20) UNSIGNED NOT NULL AUTO_INCREMENT, AUTO_INCREMENT=2;

--
-- AUTO_INCREMENT for table `datafeeds`
--
ALTER TABLE `datafeeds`
  MODIFY `id` bigint(20) UNSIGNED NOT NULL AUTO_INCREMENT, AUTO_INCREMENT=321;

--
-- AUTO_INCREMENT for table `failed_jobs`
--
ALTER TABLE `failed_jobs`
  MODIFY `id` bigint(20) UNSIGNED NOT NULL AUTO_INCREMENT;

--
-- AUTO_INCREMENT for table `financial_expenses`
--
ALTER TABLE `financial_expenses`
  MODIFY `id` bigint(20) UNSIGNED NOT NULL AUTO_INCREMENT, AUTO_INCREMENT=2;

--
-- AUTO_INCREMENT for table `financial_expense_categories`
--
ALTER TABLE `financial_expense_categories`
  MODIFY `id` bigint(20) UNSIGNED NOT NULL AUTO_INCREMENT, AUTO_INCREMENT=2;

--
-- AUTO_INCREMENT for table `financial_expense_category_items`
--
ALTER TABLE `financial_expense_category_items`
  MODIFY `id` bigint(20) UNSIGNED NOT NULL AUTO_INCREMENT, AUTO_INCREMENT=2;

--
-- AUTO_INCREMENT for table `inventories`
--
ALTER TABLE `inventories`
  MODIFY `id` bigint(20) UNSIGNED NOT NULL AUTO_INCREMENT, AUTO_INCREMENT=5;

--
-- AUTO_INCREMENT for table `migrations`
--
ALTER TABLE `migrations`
  MODIFY `id` int(10) UNSIGNED NOT NULL AUTO_INCREMENT, AUTO_INCREMENT=34;

--
-- AUTO_INCREMENT for table `payments`
--
ALTER TABLE `payments`
  MODIFY `id` bigint(20) UNSIGNED NOT NULL AUTO_INCREMENT, AUTO_INCREMENT=2;

--
-- AUTO_INCREMENT for table `permissions`
--
ALTER TABLE `permissions`
  MODIFY `id` bigint(20) UNSIGNED NOT NULL AUTO_INCREMENT, AUTO_INCREMENT=15;

--
-- AUTO_INCREMENT for table `personal_access_tokens`
--
ALTER TABLE `personal_access_tokens`
  MODIFY `id` bigint(20) UNSIGNED NOT NULL AUTO_INCREMENT;

--
-- AUTO_INCREMENT for table `products`
--
ALTER TABLE `products`
  MODIFY `id` bigint(20) UNSIGNED NOT NULL AUTO_INCREMENT, AUTO_INCREMENT=15;

--
-- AUTO_INCREMENT for table `product_categories`
--
ALTER TABLE `product_categories`
  MODIFY `id` bigint(20) UNSIGNED NOT NULL AUTO_INCREMENT, AUTO_INCREMENT=12;

--
-- AUTO_INCREMENT for table `product_prices`
--
ALTER TABLE `product_prices`
  MODIFY `id` bigint(20) UNSIGNED NOT NULL AUTO_INCREMENT, AUTO_INCREMENT=8;

--
-- AUTO_INCREMENT for table `purchases`
--
ALTER TABLE `purchases`
  MODIFY `id` bigint(20) UNSIGNED NOT NULL AUTO_INCREMENT;

--
-- AUTO_INCREMENT for table `purchase_orders`
--
ALTER TABLE `purchase_orders`
  MODIFY `id` bigint(20) UNSIGNED NOT NULL AUTO_INCREMENT, AUTO_INCREMENT=2;

--
-- AUTO_INCREMENT for table `purchase_order_items`
--
ALTER TABLE `purchase_order_items`
  MODIFY `id` bigint(20) UNSIGNED NOT NULL AUTO_INCREMENT, AUTO_INCREMENT=2;

--
-- AUTO_INCREMENT for table `reservations`
--
ALTER TABLE `reservations`
  MODIFY `id` bigint(20) UNSIGNED NOT NULL AUTO_INCREMENT;

--
-- AUTO_INCREMENT for table `roles`
--
ALTER TABLE `roles`
  MODIFY `id` bigint(20) UNSIGNED NOT NULL AUTO_INCREMENT, AUTO_INCREMENT=2;

--
-- AUTO_INCREMENT for table `rooms`
--
ALTER TABLE `rooms`
  MODIFY `id` bigint(20) UNSIGNED NOT NULL AUTO_INCREMENT;

--
-- AUTO_INCREMENT for table `room_prices`
--
ALTER TABLE `room_prices`
  MODIFY `id` bigint(20) UNSIGNED NOT NULL AUTO_INCREMENT;

--
-- AUTO_INCREMENT for table `room_types`
--
ALTER TABLE `room_types`
  MODIFY `id` bigint(20) UNSIGNED NOT NULL AUTO_INCREMENT;

--
-- AUTO_INCREMENT for table `staff`
--
ALTER TABLE `staff`
  MODIFY `id` bigint(20) UNSIGNED NOT NULL AUTO_INCREMENT, AUTO_INCREMENT=2;

--
-- AUTO_INCREMENT for table `suppliers`
--
ALTER TABLE `suppliers`
  MODIFY `id` bigint(20) UNSIGNED NOT NULL AUTO_INCREMENT, AUTO_INCREMENT=2;

--
-- AUTO_INCREMENT for table `transactions`
--
ALTER TABLE `transactions`
  MODIFY `id` bigint(20) UNSIGNED NOT NULL AUTO_INCREMENT;

--
-- AUTO_INCREMENT for table `users`
--
ALTER TABLE `users`
  MODIFY `id` bigint(20) UNSIGNED NOT NULL AUTO_INCREMENT, AUTO_INCREMENT=2;

--
-- Constraints for dumped tables
--

--
-- Constraints for table `customer_orders`
--
ALTER TABLE `customer_orders`
  ADD CONSTRAINT `customer_orders_customer_id_foreign` FOREIGN KEY (`customer_id`) REFERENCES `customers` (`id`) ON DELETE CASCADE,
  ADD CONSTRAINT `customer_orders_server_id_foreign` FOREIGN KEY (`server_id`) REFERENCES `staff` (`id`) ON DELETE SET NULL;

--
-- Constraints for table `customer_order_items`
--
ALTER TABLE `customer_order_items`
  ADD CONSTRAINT `customer_order_items_customer_order_id_foreign` FOREIGN KEY (`customer_order_id`) REFERENCES `customer_orders` (`id`) ON DELETE CASCADE,
  ADD CONSTRAINT `customer_order_items_product_id_foreign` FOREIGN KEY (`product_id`) REFERENCES `products` (`id`) ON DELETE CASCADE;

--
-- Constraints for table `customer_order_payments`
--
ALTER TABLE `customer_order_payments`
  ADD CONSTRAINT `customer_order_payments_customer_order_id_foreign` FOREIGN KEY (`customer_order_id`) REFERENCES `customer_orders` (`id`) ON DELETE CASCADE,
  ADD CONSTRAINT `customer_order_payments_payment_id_foreign` FOREIGN KEY (`payment_id`) REFERENCES `payments` (`id`) ON DELETE CASCADE,
  ADD CONSTRAINT `customer_order_payments_staff_id_foreign` FOREIGN KEY (`staff_id`) REFERENCES `staff` (`id`) ON DELETE CASCADE;

--
-- Constraints for table `financial_expenses`
--
ALTER TABLE `financial_expenses`
  ADD CONSTRAINT `financial_expenses_approved_by_foreign` FOREIGN KEY (`approved_by`) REFERENCES `users` (`id`),
  ADD CONSTRAINT `financial_expenses_created_by_foreign` FOREIGN KEY (`created_by`) REFERENCES `users` (`id`),
  ADD CONSTRAINT `financial_expenses_expense_category_item_id_foreign` FOREIGN KEY (`expense_category_item_id`) REFERENCES `financial_expense_category_items` (`id`);

--
-- Constraints for table `financial_expense_categories`
--
ALTER TABLE `financial_expense_categories`
  ADD CONSTRAINT `financial_expense_categories_created_by_foreign` FOREIGN KEY (`created_by`) REFERENCES `users` (`id`);

--
-- Constraints for table `financial_expense_category_items`
--
ALTER TABLE `financial_expense_category_items`
  ADD CONSTRAINT `financial_expense_category_items_created_by_foreign` FOREIGN KEY (`created_by`) REFERENCES `users` (`id`),
  ADD CONSTRAINT `fk_expense_cat_item` FOREIGN KEY (`financial_expense_category_id`) REFERENCES `financial_expense_categories` (`id`);

--
-- Constraints for table `inventories`
--
ALTER TABLE `inventories`
  ADD CONSTRAINT `inventories_product_id_foreign` FOREIGN KEY (`product_id`) REFERENCES `products` (`id`);

--
-- Constraints for table `model_has_permissions`
--
ALTER TABLE `model_has_permissions`
  ADD CONSTRAINT `model_has_permissions_permission_id_foreign` FOREIGN KEY (`permission_id`) REFERENCES `permissions` (`id`) ON DELETE CASCADE;

--
-- Constraints for table `model_has_roles`
--
ALTER TABLE `model_has_roles`
  ADD CONSTRAINT `model_has_roles_role_id_foreign` FOREIGN KEY (`role_id`) REFERENCES `roles` (`id`) ON DELETE CASCADE;

--
-- Constraints for table `payments`
--
ALTER TABLE `payments`
  ADD CONSTRAINT `payments_customer_id_foreign` FOREIGN KEY (`customer_id`) REFERENCES `customers` (`id`);

--
-- Constraints for table `products`
--
ALTER TABLE `products`
  ADD CONSTRAINT `products_product_category_id_foreign` FOREIGN KEY (`product_category_id`) REFERENCES `product_categories` (`id`);

--
-- Constraints for table `product_prices`
--
ALTER TABLE `product_prices`
  ADD CONSTRAINT `product_prices_created_by_foreign` FOREIGN KEY (`created_by`) REFERENCES `users` (`id`),
  ADD CONSTRAINT `product_prices_product_id_foreign` FOREIGN KEY (`product_id`) REFERENCES `products` (`id`);

--
-- Constraints for table `purchases`
--
ALTER TABLE `purchases`
  ADD CONSTRAINT `purchases_product_id_foreign` FOREIGN KEY (`product_id`) REFERENCES `products` (`id`),
  ADD CONSTRAINT `purchases_supplier_id_foreign` FOREIGN KEY (`supplier_id`) REFERENCES `suppliers` (`id`);

--
-- Constraints for table `purchase_orders`
--
ALTER TABLE `purchase_orders`
  ADD CONSTRAINT `purchase_orders_created_by_foreign` FOREIGN KEY (`created_by`) REFERENCES `users` (`id`),
  ADD CONSTRAINT `purchase_orders_supplier_id_foreign` FOREIGN KEY (`supplier_id`) REFERENCES `suppliers` (`id`);

--
-- Constraints for table `purchase_order_items`
--
ALTER TABLE `purchase_order_items`
  ADD CONSTRAINT `purchase_order_items_product_id_foreign` FOREIGN KEY (`product_id`) REFERENCES `products` (`id`),
  ADD CONSTRAINT `purchase_order_items_purchase_order_id_foreign` FOREIGN KEY (`purchase_order_id`) REFERENCES `purchase_orders` (`id`);

--
-- Constraints for table `reservations`
--
ALTER TABLE `reservations`
  ADD CONSTRAINT `reservations_customer_id_foreign` FOREIGN KEY (`customer_id`) REFERENCES `customers` (`id`),
  ADD CONSTRAINT `reservations_room_id_foreign` FOREIGN KEY (`room_id`) REFERENCES `rooms` (`id`),
  ADD CONSTRAINT `reservations_staff_id_foreign` FOREIGN KEY (`staff_id`) REFERENCES `staff` (`id`);

--
-- Constraints for table `role_has_permissions`
--
ALTER TABLE `role_has_permissions`
  ADD CONSTRAINT `role_has_permissions_permission_id_foreign` FOREIGN KEY (`permission_id`) REFERENCES `permissions` (`id`) ON DELETE CASCADE,
  ADD CONSTRAINT `role_has_permissions_role_id_foreign` FOREIGN KEY (`role_id`) REFERENCES `roles` (`id`) ON DELETE CASCADE;

--
-- Constraints for table `rooms`
--
ALTER TABLE `rooms`
  ADD CONSTRAINT `rooms_room_types_id_foreign` FOREIGN KEY (`room_types_id`) REFERENCES `room_types` (`id`) ON DELETE CASCADE;

--
-- Constraints for table `room_prices`
--
ALTER TABLE `room_prices`
  ADD CONSTRAINT `room_prices_room_id_foreign` FOREIGN KEY (`room_id`) REFERENCES `rooms` (`id`);

--
-- Constraints for table `staff`
--
ALTER TABLE `staff`
  ADD CONSTRAINT `staff_user_id_foreign` FOREIGN KEY (`user_id`) REFERENCES `users` (`id`) ON DELETE CASCADE;

--
-- Constraints for table `transactions`
--
ALTER TABLE `transactions`
  ADD CONSTRAINT `transactions_customer_id_foreign` FOREIGN KEY (`customer_id`) REFERENCES `customers` (`id`),
  ADD CONSTRAINT `transactions_payment_id_foreign` FOREIGN KEY (`payment_id`) REFERENCES `payments` (`id`),
  ADD CONSTRAINT `transactions_reservation_id_foreign` FOREIGN KEY (`reservation_id`) REFERENCES `reservations` (`id`),
  ADD CONSTRAINT `transactions_staff_id_foreign` FOREIGN KEY (`staff_id`) REFERENCES `staff` (`id`);
COMMIT;

/*!40101 SET CHARACTER_SET_CLIENT=@OLD_CHARACTER_SET_CLIENT */;
/*!40101 SET CHARACTER_SET_RESULTS=@OLD_CHARACTER_SET_RESULTS */;
/*!40101 SET COLLATION_CONNECTION=@OLD_COLLATION_CONNECTION */;
